"","01","02","04","05","06","08","09","10","11","12","13","15","16","17","18","19","20","21","22","23","24","25","26","27","28","29","30","31","32","33","34","35","36","37","38","39","40","41","42","44","45","46","47","48","49","50","51","53","54","55","56","72"
"01",997225.5,66.0627846049781,1051.94162232373,17565.0725705267,4301.47891661315,893.582797779098,666.100361452866,303.528473488571,412.73241886783,79363.4749225484,731886.582608876,128.443388178526,253.944196646934,13781.9696670455,10775.8964483139,1156.55094134431,883.767205881613,42441.1485106551,57781.0989703133,205.103951062241,3567.34203322496,1165.99219538684,2786.26573431168,1015.91617308129,728498.08119945,8322.1441446641,151.504420595779,444.895561930902,405.377938377216,219.252465502294,2205.54072974801,335.250078335452,3994.82798483134,21553.3892247611,116.158382987085,8475.1734976092,2557.48075705225,405.809537897891,4260.63055184481,188.605921951121,38124.3208022545,148.284290019608,145246.381132052,13727.5018592335,464.740659413018,103.786554584535,7496.16008893922,722.087542018688,1677.68287918236,1511.65752111988,85.1860705826604,422.086894565122
"02",22.2886651214601,178380.5,296.609046168207,27.0991557045406,9211.18381485651,346.553850152109,13.4944036960996,3.36040426757419,2.89331537176404,56.561913572073,31.7745711297732,37.8111565401013,2728.21659915637,204.28728179198,96.2243652827154,107.20808636684,81.0049810355775,33.6212160655151,21.3775079056712,6.25403360049597,25.6256967674368,25.1061946706406,236.971131574376,286.169073703685,14.4043086464442,117.380804619752,1266.13504095896,88.8235737496943,2760.10517678102,6.35578127871909,31.3974587566296,75.1192470547504,119.928073623678,33.6107468372666,58.9015858708829,95.7726167521011,83.9254662589936,10141.6974334205,68.1729104708179,3.54241716438349,14.6678189154559,60.0690990649695,49.8071236016803,334.033506265866,239.622108571655,2.96025920885233,34.0920050053584,326145.284826649,8.49891919048664,178.831525072842,44.9184902461446,7.40691589590575
"04",3570.7496779576,136.28087282965,1387317.5,4434.57850422295,597722.341036295,340391.557878062,731.13929408815,256.149925593791,177.083803070679,8318.11045039749,5618.30400225467,264.949406221679,10351.272489349,11535.5320494257,4479.68404249027,3988.20363036031,6646.45627420573,2773.51172526182,5359.93833985293,261.018355359716,1573.45113014046,1363.95990914475,5692.98903029155,6231.37385651534,2999.62268766067,8304.42005979826,2009.11092732101,3918.46596300213,314437.243252335,264.425850628207,1956.58448468384,614580.236219602,4533.56512168927,3471.74558317246,1170.47499558199,5377.06477213498,8528.53716253129,7899.18523550712,3552.70376210109,208.267338870292,2227.91464719445,1599.85701247868,5357.32024954878,105229.983841665,569485.220178228,129.137713677365,2588.73282890421,12582.7911809125,757.870500607326,4814.48085361453,3205.71022859412,583.698809979791
"05",20961.5572437965,24.5957053600548,439.968364785434,618257,1635.88772499987,704.465593315072,199.755704126252,81.2630016596346,65.2398870420387,4232.07375407587,4267.26194005347,47.8205051448604,97.7223789793608,31561.0229289842,3443.08953105067,1436.10445514842,5035.97069443098,6661.13854222627,84738.1213399971,67.0333420639186,506.877532359641,368.46426814481,1319.09566836982,569.702471333317,605079.490114062,320599.968880996,57.5674698662079,672.097838830811,155.949644018625,70.5935352217515,695.106255173775,242.350964309743,1294.81784630513,1616.86142913235,62.2492514460304,3538.65792616888,43999.2534426841,154.101862762389,1165.30184118675,59.447188114381,1389.79350818396,94.4465547077009,46417.1314894286,26078.3108508866,193.910839524113,33.1183126271915,942.560457381303,274.106829920343,393.568597737683,1395.80682536324,45.6584609829655,108.779617054929
"06",94274.476181349,5805.15348043033,1711850.84214063,111257.452841808,8428021,777121.112304476,23089.3688339082,7120.64887438749,5640.76557293859,226043.278001929,159697.869275869,9018.0149214503,380760.153369796,353280.420327477,164578.590082799,147500.656128012,293766.214754125,79416.9825329276,144276.551323025,8206.84238074279,50120.1623846715,42873.6066360353,201166.2559918,245296.444350306,74845.8721956433,241126.77142456,128274.187112095,215166.770719946,1277086.5904419,8368.54748383424,62033.1926485557,250001.411163892,144700.140350585,123779.206767536,74816.2203393229,190544.764826507,198339.139733259,1224757.63416337,113166.583982335,6492.55724097256,70967.2145245501,96345.660152833,157338.560275007,2111174.66233831,1168234.0930649,4188.30022655412,108188.059596981,1293222.84464418,24140.942053663,200820.421092171,84667.7634234878,18592.9378927168
"08",2095.73145481776,101.188345253099,252548.424928054,3128.42003020814,60095.3495287288,1302381,540.675477843183,166.77204147715,131.484460231232,4773.53577719933,3722.50678924714,193.004092596389,25107.4410972409,10631.55292082,3836.27484653308,10469.5969525088,190511.261157457,2179.0128381486,3152.63430203,193.805740388454,1168.28512240708,1012.73820259755,4463.07039624873,14034.328484591,1744.6335925379,17735.0859483344,15855.5641372238,180742.068170443,51306.252453537,197.643844652924,1452.76106794915,584142.408548648,3389.58425273493,2885.25413425415,2713.69684968732,4441.53816164505,83795.4372036264,4071.44104882332,3133.33874743661,153.330145053989,1654.22330980038,46668.2254961494,3667.5120431465,198369.791056409,508703.337156744,98.0789200971035,2521.82942822826,4966.19344503774,562.717718784,4377.63880071737,235439.164449979,437.115944914391
"09",1201.67821798329,40.9888924822403,607.830644945328,445.132767545915,2468.79872477386,540.676227358345,873823.5,3505.23534334258,1076.67975117816,4539.19560865414,3697.90035269978,79.693162490573,166.244653423986,3569.60466921167,3181.26036355851,522.863985378144,397.303090142345,1906.78472004264,640.052929326583,2142.48560348641,10987.602681894,801628.040548376,5995.04620058799,868.972049256927,464.658325706356,1060.43893824316,101.017794302115,261.319624831793,251.518200907987,18830.6585629555,238683.696176476,186.27110960961,131528.731655586,8021.9007927859,97.782396705424,11344.7535300863,521.028666170795,307.800309384641,33147.7036127575,406386.297497336,2773.31800028086,115.543073348093,2737.03964301636,3339.83118706552,294.978357465134,2287.3615344019,11540.6394244409,592.076844373019,2017.669793163,1488.9913762789,52.4202170957687,305.351122074332
"10",90.2856950541971,2.8615093715706,43.0400166132627,32.8572564231386,172.351343489529,37.745593937228,967.114159744975,213840,5265.03797891043,339.153617883119,337.272668859218,5.56352507976838,10.999592325789,249.200614975804,244.646805739114,35.4360956983152,26.7253084163961,183.976154960522,47.1973789862032,53.6182200756864,366488.934431833,661.881035091595,259.327044978354,56.3686823589894,35.7187228092809,71.8170929707068,6.94154920150264,17.5854252909253,17.5589445196799,87.4911496320245,30241.0173843653,13.1146133612658,3277.14311287244,803.54288418474,6.82636752550558,635.045745960759,38.0428815750384,21.4881012034688,11044.4847129297,116.753318619886,240.808056261623,8.06627276765021,162.013690253195,233.159708947799,20.592977345331,41.403810002072,3283.69984153981,41.3339647953996,197.276481186585,75.290768323141,3.65955100017157,21.3171189686056
"11",46.4947611212394,1.47360215366895,22.1644778819787,16.9206238881596,88.7564141767971,19.922285738049,155.016847748969,4332.68786021299,167361.5,163.189781908247,158.215594554663,2.86506926064618,5.66450108526693,128.331770139342,129.209683287983,18.2486583680119,13.7628317527587,94.742886697154,24.305410288915,15.6787100110305,301589.877124456,192.282455858713,122.555368575895,29.0283905930721,18.3942039054622,36.9839162238319,3.57471548224175,9.0560320505498,9.04239514901603,31.078414659128,1837.67127405844,6.75368135631494,1216.64788030026,1177.69924517564,3.51539994495965,415.089391787058,19.5910846134953,11.0658076210696,5999.06110971105,32.9184500240943,129.297349761777,4.15391857199,118.605270465668,120.071124934223,10.6048423492948,14.6463208727519,15115.2357687322,21.2859060142605,254.795777195532,50.2381894124761,1.88457262761096,10.4934598136759
"12",565283.714938159,1235.06149240313,19204.5986223457,78769.6737861219,80417.3030558643,16127.3228634448,18773.7934488975,15204.2312564079,16694.5814354881,4212125,2761982.62092548,2401.28362196119,4747.55492632142,165100.309810604,108617.164028715,11281.8266814286,10076.4105947996,167119.024088488,192510.215109278,4217.0361381143,140934.515672748,25752.0207821042,39856.9613783258,16856.2996512688,175980.011805119,70022.4564483661,2767.75056261013,6058.66799975353,7578.64937957427,4467.34952193625,78134.3152266543,6023.54272179497,90517.6875208293,851162.904074833,2097.35831923015,223350.698139523,31235.4678277059,7586.71824847396,127248.575483796,4579.46907636981,779896.675432591,2588.51277540785,360572.679138819,192234.381668713,8488.46337325554,2080.39646262172,270368.181357082,13499.6204387077,48104.1011108547,19517.8055651751,1554.63569889622,10024.793706716
"13",692836.775375547,310.28890189915,4824.83977890598,13371.5971660224,20203.5257453811,4152.15404027011,4604.77643999624,3098.13974070899,2855.87037318943,737256.030564001,2169443.5,603.283045249016,1192.74514982073,42200.4129218432,42430.9394235333,4230.12091846937,3155.4983021268,52376.106167865,32321.7235458789,1038.41022695855,24419.817603695,7881.68694107124,18726.6172582774,4392.18277496726,30366.0927195875,17591.991373133,695.351841252887,1562.03937852119,1904.0111025494,1122.34814710655,19629.9625738856,1540.43757105524,29288.0531959901,162971.538878073,539.819994342383,59714.5509624617,6933.77989179077,1906.03827324968,31969.1132773255,1361.77957844057,1421420.33792103,677.764252992684,553598.187924793,28230.8956222373,2132.58691579295,522.665420201662,76623.0349814088,3391.55777080507,13522.615890185,7090.73605149032,390.576669122053,2174.51549754092
"15",151.935147425247,166.664389260615,2058.37328261999,159.476870670495,653258.64675631,991.724930844433,33.8679619008698,10.4410198780085,8.22089766023028,402.987198597867,231.606921117348,338659.5,465.577983206009,508.299093642454,237.31068809236,192.042318915223,217.861797710394,114.943884528383,225.049428406594,12.1459245384334,73.058880068439,62.9120376190806,275.147143295028,369.194688458696,107.838288338789,345.236691972794,226.324031237899,301.385058427659,1454.46068655259,12.9250880685188,90.9730613856508,403.492275667176,212.104031192589,160.903871886925,60.0064992813632,276.027553816357,282.848490132807,2282.04504644465,164.865724018395,9.60882476497309,85.0724666003827,135.086917479369,227.109277831766,3228.0361556151,730.071484485554,6.14312053415733,120.055023618149,2853.80401968632,35.0322139746937,270.348394051776,107.338574463709,27.5170900226644
"16",168.144591088598,12.3941101763321,1954.67674528649,181.130916634925,39342.5488222002,1973.3682702553,48.6114864933703,17.5464509978751,12.1368383525892,330.759745509532,330.700309728115,17.7684277849729,351906.5,824.260550169293,336.163524145808,539.334337160654,606.694382949745,190.539925685601,209.503132060215,17.4277261539489,107.811901446768,90.2827154572693,545.459023087425,1068.52491068544,129.001783444626,772.539275316122,34474.8671635699,457.835899849583,15904.9793726739,18.5503971734967,151.6870323663,464.402084740415,377.276727983605,234.550463866161,231.07113787814,422.310484863503,630.371193358903,480711.844830435,348.677426322298,13.7877827322706,124.109192664028,277.849476640142,281.670255539719,2798.74214895258,11180.2655332159,10.2163370047564,213.457164112227,97314.8673776132,56.3469914860562,829.588277277019,2327.5361437829,39.1448703403508
"17",50462.742196659,486.746800326076,7494.23545347616,47378.0767670532,31479.2806569123,8732.30447023293,5607.79508432953,3119.4867669952,2248.90971671582,29769.9408573983,54844.929825893,946.363502428361,1914.51608474818,2990868.5,2114573.79414424,326260.144956322,39776.7431401087,353662.493267745,15695.7034432946,1504.51230950841,19576.4437254034,8116.10023284092,189941.903962985,69373.8369165035,31898.9628529346,935703.894484968,1209.49013514251,16524.0072169818,3055.55221306288,1559.38515122233,20817.2635867269,2309.81874074566,52304.3673105168,45426.6827482369,1856.08338736476,327980.217934496,36134.0117041731,3944.45253983029,79249.7552967676,1230.7471316112,20004.7668861131,3274.56808960969,293869.35806256,55884.4446283978,3587.37816309454,773.47848262889,65347.4637934876,5424.54954871657,25526.3164082923,339057.340360175,644.655220987289,2152.73885286389
"18",8959.50327601518,132.830928457499,2045.1418534184,5809.59434880325,8165.74798926072,1795.80065419416,2100.12716488173,1120.1019855688,1128.91869456971,10332.6953310822,13728.2905828327,258.25817982088,522.462497778216,1930004.22271213,1492667.5,14063.1909475586,1990.63910627585,199539.695809063,2836.12506098518,438.619665062885,9676.07056435435,3819.85416047628,90732.1383900837,4573.98011284635,3285.62297105056,38162.5855713044,330.064208955333,1183.56308164025,833.845927984759,717.90156148426,6760.92373974402,623.679626247544,18464.63847633,23632.8695872741,320.845225188351,282339.731096817,2637.34640569917,1076.42267554959,36819.8735587691,573.536255590479,7622.11805102805,476.231143227527,95371.0687891321,10950.3465202194,978.97874585469,367.492589413835,32428.6184389214,1905.13491447426,12544.1152090882,29804.1657975414,174.055371687801,587.472378577284
"19",2464.80335407647,32.1523746499009,591.041314272296,3969.10428284677,1976.55916205834,3552.6949795073,328.068521535053,107.521920848686,91.7681579452231,1602.60375448272,1981.35387073125,62.5126531179767,174.009313922408,314987.836233301,18633.5578466766,773109,10638.9195496236,5079.89999423683,2009.94350289524,87.6283520445162,806.379489634841,597.361097979606,19079.71115731,30389.4216228132,1614.52824334235,50890.9304829074,184.629534827408,8205.61401352341,203.86288206025,115.537323668329,896.591087768906,351.122758036352,2251.43619798523,1652.26601885944,953.454229828449,10549.3406285007,5907.91660325549,260.553363195026,3041.171463961,71.0349971897272,749.931285003594,3000.58520036122,5002.9344311886,10022.9981249236,348.989263415777,59.805688403,1769.12604876481,461.147206001668,925.561656592094,1002376.19166636,298.12780933481,142.200556992485
"20",1493.10874835905,26.5661446763198,1678.57483069114,18968.2725414068,2570.31077236312,54033.472654332,145.282266123099,53.7746888939804,52.5137847243486,1945.33924437477,1838.33967587295,51.6515562199038,301.588754465092,12277.3834489555,2969.23336718304,47139.1931451917,696671,1527.9670755893,2232.29095258898,51.8660923752948,340.906637987688,271.027953365224,2594.56105626628,3985.0511122623,1587.69793038873,186521.242081384,240.17729324846,129157.93050063,465.236936565901,52.543184467613,408.955925313502,1655.2882277303,949.979189070591,1246.0675982233,405.749056194102,2285.56891609703,807558.542057112,224.826201272524,1319.39165686749,41.3841127062381,744.282703685148,4881.77147761014,2683.91795677502,75334.9578146972,1074.67878038543,25.6605271207616,1114.46483268543,325.379502621638,265.600573311801,3546.8361337138,440.568326522714,117.494294317302
"21",19420.5682238067,54.6963877007356,842.137241804834,2788.14681801721,3561.39027315363,739.464896885566,742.375674012379,503.637390799094,593.635137326485,5740.18763074989,14545.033593979,106.344130048665,215.136728090518,73978.16340694,268308.650267758,1617.19027204592,623.4952003037,931872.5,1963.91491343574,181.726617319376,3971.34157550771,1279.36574601532,5630.98111289244,1125.23965846768,2846.46543018125,6639.36791374914,135.912021008977,344.740010232562,343.356480974436,240.599958164203,3624.91326742986,257.957494216787,6349.57028923579,19185.2669271283,101.200213211617,177217.287115589,890.546864200515,335.988195929707,9946.52402145813,207.976479624984,16542.3029599615,120.793209019854,1139823.66415113,4574.20167746623,403.118472902799,114.1796032499,20907.4597707211,597.849158013681,15365.3442951452,2739.72059082026,70.5294269860419,336.854571068339
"22",279117.454134464,58.814692324613,1250.42215482827,350016.018879178,3911.83061493887,1785.85184244642,477.667548309164,195.716510463079,167.00944245131,25478.4114451991,21096.4323268484,114.351194882596,228.366166459057,9276.95747994498,3921.72960833829,1693.69031411896,2504.67287057007,6955.50827228839,991609.5,160.29405667637,1467.66525007143,881.093355376837,2614.54958189135,1122.98046225987,775949.476945244,15410.1794831729,136.256644682322,718.430776958942,378.22924382014,170.209462791195,1682.56538014739,748.315087470674,2931.10669444052,5162.49617362243,108.101893817607,4797.33149058676,15842.5172906692,368.49740685784,2774.56946712764,142.153600692789,3391.5143965454,210.546232063911,22423.3785679702,381769.550787526,463.690965478076,79.1944503710819,2887.98347689482,642.863555770626,658.301388349097,1679.43370393031,94.9447585271307,272.716958975983
"23",151.516360483773,5.7476370388112,85.2326012401034,62.418412086737,346.185469588578,75.815922855588,18323.9733601391,276.686084531592,144.516620353609,540.200209807146,402.846292344943,11.1749145861718,23.3115331900718,594.239265018516,490.184999616692,99.8516983220366,56.1739546903563,292.479310647769,84.4087935178391,317554,1470.96977778587,172438.909410811,1050.55700540319,188.554148506565,61.5723375125138,172.339826306459,14.1651452612782,38.6704807517019,35.2689531218797,318272.696538965,5386.61830850327,26.1197281511456,32949.9154189202,914.958987620429,15.6592604788403,1590.80964712477,71.9513888250918,43.1610700275259,4580.26410905235,8056.78423127972,319.68949585608,18.2162144128586,293.289858406581,468.325350397595,41.3631213321728,59542.8628833101,1618.27760133361,83.023536242539,282.926249844366,321.297148595388,7.35058605188486,42.8176345539811
"24",3718.06459322148,117.84011488444,1772.43539815887,1353.09809227184,7097.61859215793,1593.13314946453,36567.8754324531,346473.730331299,291085.714007049,13049.8605747523,10850.8440029072,229.112104638164,452.975354975524,10262.3564297131,10332.5608509246,1459.29754053313,1100.57770399041,7576.34116174362,1943.6401701966,1253.78548364603,1470327.5,15376.32571467,11601.6764885583,2321.32456774795,1470.93643696889,2957.50717101078,285.860659240858,724.187226909891,723.096719516558,2771.6362548155,1245358.48045817,540.07425609385,125964.035055577,41334.0670005991,281.117350668492,32303.7803186903,1566.64786069776,884.903729347357,454824.073036927,3522.23650458344,9916.74159689826,332.178017333353,9484.55365837791,9601.77421112225,848.041540697296,1307.68111641946,135226.384514926,1702.17830090343,20375.3527246384,4017.41677508596,150.704350148254,839.134570277384
"25",4451.99974597582,151.856408968629,2251.90224504057,1649.13613177224,9146.4512970905,2003.10731344886,893081.943582588,12184.9815509711,3818.22562124084,15163.9782580004,11500.1590774603,295.248706229753,615.906274855783,15424.6282967565,11785.9923883903,2657.94322977174,1471.93585597116,7064.29139034162,2371.27996174817,17419.8884175308,38864.0038763037,1672536,22210.5583364266,3314.07626759049,1626.78227649335,4860.82461057369,374.252597610378,960.055901495867,931.829294892174,213702.170890909,153131.879943139,690.10066110406,998982.128535357,29719.6868157118,362.266036596752,42030.2532560382,1914.41161337279,1140.3442940752,116138.886145744,452748.963429443,10274.6399560121,452.05706232785,10140.2352252706,12373.4685158657,1092.84128883278,83992.1209742805,42755.9749499627,2193.53727254088,7475.10046549721,5516.44286278147,194.207392379983,1131.2704995101
"26",6943.03007596396,278.385779987396,4225.11251297053,4947.33657164097,17113.6959559701,5956.92139098172,8324.75163600239,2481.2603084168,2832.09514168242,20094.5028213455,13725.7732957972,541.255004858034,1156.04794647476,330340.400139019,307059.381347924,58000.6404579634,4251.3450926675,36415.3319392455,4879.74024729526,1967.94535750899,24141.1556787735,12657.9680215915,2138745,56347.3252740047,3395.36916613309,27717.0851137053,702.910664267131,3291.37362415044,1747.56626146466,3110.91371646509,24203.0964184344,1295.93647588574,117486.294119012,22088.9952402272,1234.81442744197,1144040.17836194,4517.10058970994,2136.70717878283,174556.153288775,1880.33915952504,8159.21606321536,1557.36258341699,21176.7505781227,21508.5600309004,2051.73422274949,1537.48037447237,29699.1047339175,4112.01249000804,15539.6796163177,1585384.27764899,467.160866829359,1231.21895051434
"27",3624.12505043937,103.265233076727,1814.67904794212,6514.07235478759,6348.20428607203,17324.6205555553,1036.18547044066,348.784369750071,500.6998400123,4520.21964089386,3531.26009867561,200.774709947974,1755.718415182,170083.284348964,38065.2375388786,295140.49266882,19690.4933239025,10516.8968237807,1945.90968190374,361.999705248883,4072.38406750456,1896.44661896453,301781.674997161,1387801,2726.3918759522,50708.7966273607,3675.8722783669,102643.747807887,813.345728677754,393.201423306323,3661.84780160972,1321.32059138884,21865.3773544456,3873.73433824013,53734.9647754549,46805.9013761975,10475.7941615431,931.418951580137,19335.4785623246,287.131881955934,1599.85971584246,56533.8639947976,13513.4082742926,15810.3937846924,2592.47021409245,268.142544840692,7207.62728334462,1798.89409494838,3048.75693837395,1408416.31161735,2821.76821226677,456.711948071138
"28",754229.419312096,22.6492407114299,364.434424995752,54111.5917700195,1506.42619587442,406.933298475297,202.375414753357,86.5804783321416,85.9499847912606,13312.6250431762,49890.1577287258,44.0360671146738,89.0860209462435,14739.0226005946,2800.10991380655,463.59499345187,533.017376739331,12173.9690732515,157275.718470808,64.5880035073758,614.419587331491,370.163189977482,1090.69218696681,456.582225566018,594127,12656.2313154757,51.9424076874431,246.488684957308,142.180570131415,71.0769388699307,689.182157868433,174.705020894794,1206.10120663777,2177.94988688027,42.7225735882227,1929.50547674232,6534.72887980719,139.129435154795,1167.40906427206,60.1741043360964,4611.17906590386,61.7551883352231,69539.4967468238,8770.89832191448,160.971030103275,33.0806987546629,1169.3014893145,247.563505712014,264.250037938266,703.127552615,29.9821018249656,107.798975849057
"29",21532.1926366446,111.461613096225,1861.87280130695,128963.854260505,7413.43588254762,4757.36014603379,950.374754151943,366.311439371135,323.910403848375,8990.24182641346,10072.2802410626,216.710623439936,442.853491582724,1857325.81429789,94776.0365783704,101008.453246811,72253.420557626,33471.2643005146,16650.8960932569,310.80328975986,2845.35266658153,1661.30780479232,22432.4900026426,10772.1348684987,18703.8291844211,1387171.5,303.225629181726,11470.9978969148,699.700087066978,319.912325944535,2666.30856547513,1023.71933059388,6351.53203079881,6589.99523804216,445.009754691186,34432.2573226762,77846.6400265469,698.351275280959,6818.15560102431,252.360945391261,4031.76793839445,1610.4422127613,68496.9933393693,40521.5930743576,931.532376399886,167.305114443171,5973.40089760354,1242.18390879057,1775.6146455702,29866.089819466,259.660171305401,492.962141619385
"30",65.8443398383127,3.57895719149187,539.238840376464,62.466492338406,6537.129617858,5711.80656428615,22.1414180105552,6.83998216906389,5.35914771289511,118.643615452584,91.121984739796,6.82641250291675,168315.31915477,517.805021955996,131.63947280016,263.832502408244,1042.6161486651,81.208313680101,61.8370957372558,7.89313130811428,47.5344946849958,40.9902767298429,342.758812700228,2587.965308649,41.2766603651522,302.521408824598,239005,1396.39725373706,1888.95841948771,8.43895701397598,59.4347679459803,137.556545077603,197.154330903423,78.2619109064189,25820.3273633119,193.094814776669,218.581808018914,6617.38406329913,150.866946720908,6.2481175236418,36.6017139825684,20702.163186173,105.427998515339,780.242160190975,8439.60300929361,4.31709742110351,77.8869786963553,59529.7935910232,22.0651192658316,353.128925655906,162612.923041886,15.4604687985963
"31",407.516741826182,12.2590706310594,1008.67155307668,1962.35536909023,2249.56424195054,82327.1492904894,66.7701849732214,23.9908000406793,19.2015988477214,456.331695195212,486.957073521693,23.8348500928082,313.500433979076,12244.9327044959,1457.63545066662,114818.435108487,328630.266499696,681.223725338101,480.65281396344,23.9338487963799,170.257433570237,125.067105663148,1798.06135392219,30229.8087193262,326.934367704746,13914.5775424823,671.282851204316,477832,269.081314029457,24.4078316977453,208.447091864263,1490.64751225696,490.38424609796,320.694668041024,5867.06543464787,1101.87302706104,13339.4869064822,311.100114510671,476.73745617333,18.9353550637543,169.691228429807,303192.196130927,858.067805068052,10482.9470429503,1872.88067962409,12.1121595212365,291.854355167724,315.451959977274,135.067677687881,9065.87513991978,4771.91388331893,54.2182868583933
"32",546.895696185176,28.9838526132991,9685.31523502605,676.759504187823,1156009.95615902,4727.09095187406,140.448566859276,43.5203239032362,34.3117841984887,1245.68735471086,971.414031783186,51.3366366215183,3622.57242598446,2283.77795493809,1001.10259743886,897.22053092933,1786.92818113329,509.638877262848,742.773532971342,50.3522796463316,304.872126575572,260.845304532431,1326.04839529483,1492.09509850622,455.274267600296,1466.73171196649,825.468160420798,1308.82159667245,625387,53.5959067625572,379.108102720089,1475.51572692027,884.535580842813,677.664455101027,455.093900577063,1159.05026832607,2223.11619048798,6871.08185232559,892.929208758278,39.8357356378844,431.681075635569,586.053693754688,854.673304766401,11825.2497902362,7106.16237747282,25.4766931321241,658.088925296535,7722.30661218218,146.845101676861,1221.55527686192,659.159446247298,113.097568821399
"33",174.81782402997,6.19860361603777,91.920054569153,67.3158364481917,373.347601652892,83.8016910521903,24759.4958635867,298.395210501948,155.855569767627,582.58497383953,434.454101324612,12.051711946147,25.1405843743485,640.863998902975,528.64550956056,115.401854800941,59.1475449636034,315.42759230539,96.7929153952704,6394.56122241315,1586.38385167614,360820.784883619,1132.98498297188,184.219358743705,66.403377836104,185.861818224953,15.2765597488773,38.910183128915,38.0361979851754,340923,5809.25891802828,28.1691137200101,35535.2057697265,986.747780156155,16.0404572995679,1715.62650259747,77.596782110375,46.5475399608771,4939.63718952095,11408.3141101988,344.772721666616,18.9599398150949,316.301736625015,505.070725735514,44.6085220289495,215402.225569134,1745.24962582783,89.5376636510241,305.12498675804,346.506512790851,7.92732195396847,44.1399992418923
"34",7397.94048423936,252.341585759455,3742.01251924905,2897.51005951416,15198.7659925255,3328.5870471655,423956.924017088,418725.843632853,63142.4202235273,27944.8345294139,22765.5343306731,490.618257269829,1023.45872085263,21975.7023967776,21574.1257130006,3124.92444388839,2445.93317170231,15797.7453614532,3940.38387902856,5739.64112453119,1411871.48084247,81495.2490946571,27282.4763590998,5192.56686729827,2954.59932123592,6528.4233623364,612.139016750112,1550.76693029696,1548.43172920533,10676.2417157963,2094406.5,1156.50934611042,401471.076345808,67231.6076922883,601.981745535033,56001.3719184775,3265.63567080603,1894.92356254867,718371.779301745,36244.4360440912,20650.4285686325,711.322521456555,16850.1484665509,20561.1385640185,1815.9872584926,6607.78184595631,77184.6394997211,3645.02675609682,12900.5298486631,9166.73816534982,322.716714376524,1879.84553110459
"35",382.449335427818,11.9365575960316,677819.374924979,527.173089540433,11162.388229364,73493.7761654631,65.277448361039,22.8695320793643,15.8103645967207,742.656057166825,501.612418248145,23.2078001251386,287.199558626227,1326.50708857789,437.589512401422,414.294696846148,1799.41239534013,247.624180355825,631.465993752523,23.3041943594717,140.480583832469,121.776825914912,508.280433632409,499.168646257668,354.339346048415,976.105940923453,141.141072283195,1108.51793721863,1607.72659988306,23.6084217457276,174.68742782078,435336.5,404.764954524245,309.963771419023,91.6956500266672,480.074140228996,2832.2863024063,394.814324460196,317.191865145005,18.5944874914046,202.108163069935,432.515238615699,494.327452218677,79275.7865252882,2776.33883322913,11.5296503746938,231.126783809471,457.860496032953,64.4681752266756,475.395399036409,313.019667333615,52.7919059544113
"36",32424.0927686247,1149.67738442897,17048.7442752766,15703.3338524834,69246.1271504076,15543.0020932992,1330819.78785284,58132.5894532308,30199.2633916242,101606.622304635,80579.7701877567,2235.27451122845,4662.91492034339,118863.358858302,98049.7906252963,21403.9985138791,11143.7599271146,58503.4939740499,17952.531359639,60093.5301157558,308185.890066144,770256.96596174,210138.813917744,31839.8683173865,15545.5668718124,36800.4232577816,2902.87993164901,7268.4094483321,7054.71091909753,85932.1281088129,708457.318492807,5351.95748162813,4529866,183015.672117808,2844.15914400031,318203.439410131,14392.1552373413,8633.34023413997,2620263.87545586,64153.1215351075,63946.2410279921,3422.44219101146,58665.624675939,93677.2903840592,8273.70358007621,290120.340182841,307699.291885009,16606.8736332572,72591.0876447117,64267.8135253363,1506.48291622738,7953.81951280366
"37",27406.6537465687,306.23307004373,4606.05740213888,4175.49219452334,19939.4424900394,4039.45876496534,10478.7579509956,23964.1263542835,43883.3048285013,82136.7154292149,348207.104993702,595.397443869849,1177.15460260994,24255.3632342762,32548.1186381389,3518.11043751107,3015.06786781445,93461.7112417755,5606.58608988146,1565.58034129426,317786.770413193,11560.4319595652,15027.5120423329,5653.16512426436,5150.43663519544,8030.89933376481,742.870858280293,1881.9574132336,1879.12349350012,1954.85958429378,58596.0359432252,1409.66648998065,47877.6970171916,2179368.5,566.59778247946,179265.142581239,4295.59535806377,1881.12416675415,131999.191235889,2312.10693052958,520795.327056286,668.905096796867,54798.8895004569,25310.5686430838,2203.81968217716,912.874800172746,1943075.44944842,3347.22622055581,125644.165396484,6874.26495788992,385.471384057349,2281.31588563013
"38",32.0073029181614,1.99884311967049,151.805568872642,126.611114263967,367.428332585867,2635.9814982731,12.3659542939932,3.71752115852678,3.26201018294981,66.2623109893569,48.2697112349814,3.8125428535232,658.495948217447,1342.17548377607,415.893598908009,6071.82146202551,1892.92594517311,116.056696092897,29.9621788595887,4.40830397339941,28.9008263961436,22.8930183377473,1724.67707895077,136915.837453724,35.8788314047311,1621.52415779357,3446.64123801332,8536.0379143677,122.692266327371,4.71314694813366,34.7058038356557,92.7810946161347,110.110447472348,43.7091794558046,192891,354.330429662244,288.098050529574,149.838147128369,92.3694297654511,3.48956583015682,18.9394858137593,208224.034064409,164.690034530894,471.541784936634,273.229494382263,2.50465936577861,43.4997802849483,388.735280435887,20.9703506061685,6153.23618821811,1503.06575514271,8.63465250671879
"39",12102.8019429452,402.116691295631,6191.2213132648,6139.05848134751,24219.8584680246,5436.39516546885,10939.1282671431,7159.30328762442,12961.3395849483,35538.4208894029,30224.2196044985,781.820363491871,1581.64136449478,161080.275521448,1537528.83373471,8002.79036525774,3897.6950674818,551123.197456573,6279.16371017827,2476.4712816053,105238.544056793,15297.0177679817,235649.812954514,10583.2749979968,5687.05403969395,20098.5553397314,999.197469757167,2471.21085929979,2524.28684723717,2878.19616634783,40560.1702623925,1888.05416515177,111381.088076959,85900.9175508851,959.282660471456,2630966,5203.92469980467,3019.63860192493,850138.885040643,2282.50975030164,20798.2273000911,1133.52168217267,69837.5933330137,32765.0196211241,2963.64482807776,1480.44238857602,305854.256566227,5808.49999192327,687075.030593229,20968.8022924766,526.914710136384,2476.48613116709
"40",4305.37970405191,44.822363821293,3541.65975289922,301322.82293578,4128.69401740811,10835.2267417878,257.567281913885,93.531512976126,88.6011874596883,4858.85882583746,4308.41104133999,87.1464366784142,291.438178980346,16076.3187805845,5091.22674726482,5115.78771887242,716912.932017608,2992.25689534599,12167.4779026873,87.5084017932971,783.108109678057,457.278000985402,2845.15880817715,3058.92076140522,6775.88687891346,22580.2889824906,191.121440591816,6000.50038883839,485.355128884698,88.6507906672633,709.546375949398,4451.55338658661,1650.58181031701,1942.64161451685,280.286217441113,3863.69907504106,852623,309.188860859531,1797.80154664501,69.8232196933651,1382.31951475833,828.396892006831,7067.50281869077,516599.830026108,1490.37587461654,45.4777060486079,1402.05478246099,534.349326829915,436.026606913946,3538.50469213332,329.185763713765,198.236216469545
"41",894.367429716658,168.891001768337,13064.1422054325,1151.4684070097,298680.330904783,8489.65535907001,260.420174993761,93.5177417343117,64.6776055692516,1779.42912314054,1759.5760772533,95.1885533012393,86233.8026015867,4234.58827648827,1800.88637685478,2647.28174407453,3250.16716773415,937.657695003972,1122.34466066581,93.3633554977523,574.569579409801,483.660185160158,2922.11871084678,5724.27350609501,691.084956304277,2719.61855959645,2319.29234839392,2323.83083851935,98158.4327687709,99.3776991120118,812.613774287762,2616.7582003609,2010.1058614743,1249.26529342719,1032.26599622605,2245.58465665332,3619.03391345256,874943.5,1855.89434440449,73.8635464768922,660.906399594398,1183.53184094944,1572.07612600112,18488.2118461356,7564.26899327833,47.2389646408975,1136.4994337202,1134931.68112402,299.747336241538,2368.39283849197,1162.29599602319,209.705868293752
"42",14483.4045247485,494.02469143363,7325.96878393644,5672.63421432978,29755.5619183074,6678.94047242501,50638.4965512142,89593.2423254995,136347.847885753,47813.1189502795,37412.7281045717,960.513632463571,2003.68828325528,50179.9514853385,52327.6352225016,8043.03563373954,4788.5542796318,25749.5351946761,7714.33263410959,6907.05595900545,1897862.85801253,85416.2233093248,65141.3937408344,10165.8085275363,7119.23974517871,16417.288349393,1227.57456321339,3036.03209879062,3031.4603315361,14769.1553211144,1226786.56744541,2319.58880727818,995042.844894204,99678.7384247525,1178.53680435421,207213.221347627,6393.33643620074,3709.80877155458,2939100.5,12077.1132712932,28117.6525580483,1392.59998749215,32988.5752748415,40253.8095496323,3555.27029888529,6987.35223337924,214253.002066328,7136.09377157756,52690.2482894738,17946.2888764863,647.346610378805,3417.81380041956
"44",105.597672495432,3.60190571778367,53.413218627981,39.1161156962508,216.946096962071,47.5120130565987,21183.1491399484,308.023136532255,90.565085730274,398.882566149693,324.953606149633,7.00304985716385,14.6087764625079,313.679601707503,279.553781508606,45.946759341514,34.9130748701463,167.559023183657,56.2447572064674,394.179366068853,921.821335884104,438263.541286229,526.815678116484,76.3610627969238,40.8319273545307,93.1862473882025,8.876955410599,22.9635053266819,22.1022035755093,5068.8349373108,16264.2849388174,16.3686046177379,11062.8859251704,704.925861208572,8.59264431075955,996.922096018308,45.7854803620985,27.0480031825325,2754.71625403573,253433.5,243.705778749014,10.1533667132654,240.517812093916,285.79620583073,25.9212720333064,1992.2221448588,1014.13560143846,52.0288507926507,177.303067355187,130.845363881772,4.60643526210227,34.5247935069196
"45",25256.4130818139,71.82987976294,1089.31768860477,1664.17529660355,4676.98591923812,947.493480548592,1380.22625306172,1233.7969537796,1254.42247002058,59630.3667012263,276738.998074853,139.656134454146,276.112810271566,7633.23041570023,7579.92216698686,886.547221523927,707.212850628085,18420.4287995396,2353.92497313849,342.550393108739,10485.3341297599,2316.8890502344,3033.55506906955,1021.51766722248,2948.50765251784,2234.250158186,160.969466985215,341.52309210222,440.766291434674,396.644652886535,6683.57389616288,330.65068533159,8629.96013725519,1378134.9751714,132.900899904887,16243.556129894,1021.02899506317,441.235568378739,11271.1588079283,379.134601967668,1030791,156.898053723837,46660.7937461785,6341.22856695982,521.281723365571,185.079327197754,98591.1774630297,785.123752074035,14457.3240465822,1562.29841902698,90.4159801060661,535.104343050532
"46",72.5243113637789,2.58559005601815,197.845852030768,198.334757934331,427.533071767431,6462.57334422703,15.9958968970984,4.9639568687127,3.87167498625989,86.4633250076949,77.1828093319228,4.93168913218046,242.79693944149,2406.8843116474,507.127786579445,10548.3239658203,5391.38243833135,140.952581188967,68.8897755214568,4.95217303825092,31.6989214935059,29.6131096952113,1019.15341817102,64726.657664879,54.4218975681576,2364.00528280215,868.556226350048,290528.5033694,92.9398892832267,6.09665949354524,43.1299653062131,177.099578128988,120.938169649717,59.1817227771807,28746.2217341753,269.69268234413,1143.49048048412,67.3938686457159,108.992663603444,4.51390437872962,26.4426263414178,212766,141.640823055135,1369.35089555567,466.182164388009,2.90461434272668,66.4108726353406,134.582226854343,24.1147382868747,3434.0371971601,1369.7656902537,11.1692965990371
"47",529831.772854135,131.34616352341,2039.18134487507,19107.5427370819,8552.20918331373,1806.00581532473,1324.34210155589,789.59675232225,874.503816894983,35741.8240880838,479648.409649679,255.371407185979,516.622487435099,134867.885514788,144347.414048664,3643.80028127293,2046.73086250594,1104088.35862044,9237.79278877519,414.416873415059,7546.201940281,2318.22806861762,8681.73498975629,2019.84661399752,45713.3458424188,22210.9769127067,301.221399023394,741.848403897019,824.525318630583,443.230823147992,6030.64974911236,619.450911509309,10878.8767263336,31422.6170981701,234.716245644187,57913.9600719393,3201.72484955569,806.831353579961,13119.2468802291,374.986679931877,39104.0112545402,293.305971916417,1421245,13287.0529975952,976.289470974296,207.861797090477,20226.9668426816,1435.65592851284,7063.36492443974,4337.36254811024,169.367119832604,808.911839246656
"48",417857.800315178,2363.15844911496,508592.094543747,611733.995484961,283832.22117964,610092.589402454,12923.4037862256,4931.23892415144,3771.05764376131,433664.183391083,306621.818087891,4594.6001189929,11820.5838169799,526762.074003425,163900.54365093,159888.050363853,511814.837210252,148702.277088698,1232722.12275147,4613.68391660185,30324.9271482767,24205.2094852015,102273.030509282,83377.5236364057,451723.162167834,797866.30789545,6901.97042580544,180243.643940867,35924.1095629801,4673.91380386196,41536.9109276001,477460.855912624,79345.4766556568,99167.6453830511,8624.33830541643,144469.393711117,1401620.56130121,19851.3577058662,68345.8747695806,3695.78692485226,72876.4864587332,28687.8544681973,403112.231487334,5974109.5,121235.817559672,2171.83179856983,50247.9616928062,28943.7300804335,19203.3399595019,92579.3005912708,17974.7271069434,10451.5592202668
"49",617.260363871247,29.8032243906406,125001.840608666,763.832702875864,127282.126502016,320944.292253222,159.2463296872,49.119733718311,38.7264053221945,1405.95992106379,1096.39805708966,57.9417084865758,19228.6685865288,2577.61328403087,1129.90641154787,1012.65867560726,2469.98181749083,575.210009909612,838.340225446905,57.0820281183957,344.097569421208,298.283995310858,1496.66036997561,1684.07096610723,513.850743460636,1655.44427675178,1242.69816052362,1825.94164232094,637375.289040534,58.2124733524054,427.884891148067,2442.06866480538,998.341655084503,849.800203492965,513.647170064158,1308.17593804902,2509.14665856877,4282.39588201318,922.86910659686,45.1606625986756,487.222005369231,814.24628038102,964.63724028379,13346.7095084217,659680,28.8873986063742,742.759930863738,5707.90291778627,165.738479066544,1378.72296297853,16129.3411763523,127.648922766459
"50",35.2118822838236,1.33573112616073,19.8077640726595,14.5058247949189,80.4523152787103,18.0583457334971,807.52902159775,64.300896662192,33.5851666955285,125.540675189748,93.6200960690588,2.59701180574628,5.41752032535238,138.099166198615,113.917311956867,24.867834599953,13.0546343223807,67.9711882208663,19.6163139847069,248.344160430091,341.848329072064,77752.9235919863,244.145843317463,42.1566946064678,14.3091999669745,40.051184290211,3.37265665370706,8.9868870380742,8.19638368844219,217657.480067996,1251.83161198767,6.07013519864817,15563.2198082263,212.633329257321,3.6076020673585,369.698703504217,16.7212558787544,10.0304845773792,1064.43766284926,210.078689834751,74.2947418979537,4.2649420617811,68.159556738811,108.837204484573,9.61264746981545,159085.5,376.082161812554,19.2943849471103,65.7510896692271,74.6683548782884,1.75027894737075,9.38893247540492
"51",10168.7077207431,227.044023699413,3414.97345738245,2691.40479209654,14378.9382470717,3069.50957149063,9977.1927653594,43891.99497486,203081.411583978,27354.170821624,40145.643904247,441.433158532657,872.753283813141,21565.1691621255,17293.4269129376,2727.27306079657,2120.49683210924,31571.8862124957,3744.83583368873,1421.11986917432,349058.145959968,15465.6127240617,14800.7547477185,4472.52508783311,3064.55838047274,6059.8892236982,550.771308692785,1395.30059072483,1393.19949648626,2657.86697132503,79899.3903545775,1045.13974246391,101038.255989199,1544685.00172022,420.080823847442,146285.826879908,3018.48003425414,1799.03120754075,368397.254717764,2582.43670443812,93832.8344713185,640.011542027241,21692.3851380893,18621.4099976303,1633.93224669698,1346.12008201922,2008792.5,2481.66440430045,678196.391560314,5427.92190201118,285.792040829766,1616.77107534976
"53",3048.96181709701,771.48947872958,35698.2298543888,3307.99100739391,898375.792087767,35174.1288945143,1017.95246535297,317.369512185168,248.5439538452,5594.36382505578,5336.9495519207,324.50450988821,293977.131477847,15053.4571257386,6086.08745931788,9849.85429573092,9675.95661724842,3451.83233122251,3794.05192685981,318.282281499096,2118.25850520501,1902.50051470297,9870.69131085452,20918.5463075463,2336.60935458952,14108.8723177785,134830.03854333,8361.44965034916,290472.381606918,401.251262240052,2757.97097636789,8481.36777904464,8327.62544793669,3492.3926619857,5201.12076080074,7655.3569010937,11512.4589313172,1135934.82863596,6988.44479967204,251.806053530775,1922.67694739025,4958.75218786657,5104.02775163598,51113.3826999266,24321.5511427199,200.306728554636,3308.65170988473,1616180.5,1021.85986722093,15150.7573199276,42507.7550318846,714.902135301803
"54",278.136208393931,8.43498311303099,126.870740639294,129.167684894325,508.046797360107,114.036304408912,329.324397927899,399.484165393402,1728.00234260922,829.751105201092,1141.97526493897,16.3998205153573,32.4239285881948,863.188188748431,2335.70014079184,102.730167020234,78.779237077639,1936.25331872893,139.125560336514,43.7031058986191,12025.3528240398,413.02654319849,818.872735268784,166.160170057703,128.117073267525,306.125723818627,20.9596218372061,51.83724604858,51.7591876432872,72.6049776681283,2135.9119135033,39.6046852674281,2738.03211667878,6326.99922050683,15.6065532909708,65652.5651895337,112.140490205824,63.3413165034912,13751.2625808185,68.289957793471,1512.5667963836,23.7772677790975,1329.67080253349,691.809792266484,60.7027248908002,33.9660197461721,610875.335583303,121.841744957294,367469,271.395500152983,11.052803273815,58.355791096924
"55",3639.74689329062,108.649863689313,1648.99909265137,5484.22067645879,6679.223101556,3371.61409146128,1849.09387777295,765.352575699865,662.55589922896,5710.02940625174,5212.23379680493,211.243844788504,451.188461596278,225616.641959386,69315.1398358634,99546.0859552151,9518.11634283817,16308.7198352461,1811.81986317765,531.344635860777,5730.11235806212,2969.44218149346,1784151.84560461,278000.951822278,2548.65921402128,46403.8717863071,436.499349586882,8046.1507675814,682.049334936483,620.41253830283,7397.3032535972,604.690665057128,28271.2777645201,6982.11322444438,3054.75825427855,62784.2446822337,4721.77916518987,833.925295068026,27683.1181352311,446.315914964974,2888.98954534329,3912.84494168028,19286.0673371235,10075.4335442007,955.507197319054,388.592994250118,9159.97314226959,1604.85782193456,5370.58645799843,1417420.5,347.967951399736,480.526595687248
"56",20.5714964483182,1.11815997144553,1560.81061967241,22.1602965882657,1192.28597226097,263477.309336739,5.97461768303716,2.14670452404373,1.71816525690609,40.8327072410699,40.4592274005712,2.13275007241845,2325.93399700265,100.843404301729,41.1276193795362,202.969384200716,1099.36757864474,23.311433208332,25.6314693751722,2.14160850833854,13.1901486294615,11.0952016784143,66.7336860704226,627.332233634327,15.7826053920434,106.096419980993,3905.32824748475,1517.22552541114,1633.96662655164,2.27986391838507,18.6519129987339,630.062613830553,45.9242819068621,28.6958623119296,501.505896538884,51.6671906197654,224.100914807393,605.54682833286,42.6586213137146,1.69434167726008,15.1840258408694,862.457937190227,34.4606901947804,342.409552422651,6913.65861019213,1.08379993981399,26.1152218157823,623.259953853276,6.89372121769919,89.9144123897985,144829.5,4.83025541391482
"72",2532.6367721179,21.3345588687023,331.741894940807,337.78856205029,1389.13543711038,278.584767755374,1512.15665836242,875.222587896055,560.366079141324,898954.523036872,16276.0729327603,41.4799806392636,82.0096737539136,1266.41506917389,801.215992609124,175.430365209282,156.8959662963,1036.36010628197,582.192839268953,171.213511362662,4598.42157261175,2608.30880773742,841.509337142549,295.755331131335,632.934694500223,564.58312224528,47.8103622168604,98.9181319454494,130.914243807552,291.510758985592,5558.24900788651,103.315248197219,3484.92900114646,27199.56409902,36.2299487156004,1681.77327687758,316.758059088584,131.053626145681,3956.44523899156,503.759854383131,21957.9395997085,45.4501421220135,1803.82709756451,2037.02448626287,146.63044929785,85.1416597876314,8750.62157428353,233.193609165445,786.789234622502,335.743340689329,26.8549113072514,513203
