model,season,reference_date,horizon,WIS
flatBaselineModel,2014-2015,2014-12-06,-1,0.9729736862105969
flatBaselineModel,2014-2015,2014-12-06,0,9.113335372724697
flatBaselineModel,2014-2015,2014-12-06,1,52.740658353965905
flatBaselineModel,2014-2015,2014-12-06,2,165.3490761987234
flatBaselineModel,2014-2015,2014-12-06,3,476.1721860369378
flatBaselineModel,2014-2015,2014-12-13,-1,1.5475014124246869
flatBaselineModel,2014-2015,2014-12-13,0,36.608947824149794
flatBaselineModel,2014-2015,2014-12-13,1,142.5952247644226
flatBaselineModel,2014-2015,2014-12-13,2,448.92235484651354
flatBaselineModel,2014-2015,2014-12-13,3,528.7824988189562
flatBaselineModel,2014-2015,2014-12-20,-1,3.1884890316714665
flatBaselineModel,2014-2015,2014-12-20,0,77.77245430886154
flatBaselineModel,2014-2015,2014-12-20,1,362.9535870163644
flatBaselineModel,2014-2015,2014-12-20,2,428.2976641691178
flatBaselineModel,2014-2015,2014-12-20,3,182.5634123848774
flatBaselineModel,2014-2015,2014-12-27,-1,6.841361302085581
flatBaselineModel,2014-2015,2014-12-27,0,221.54751027422475
flatBaselineModel,2014-2015,2014-12-27,1,269.63458799760787
flatBaselineModel,2014-2015,2014-12-27,2,84.4725936812366
flatBaselineModel,2014-2015,2014-12-27,3,41.06371992197734
flatBaselineModel,2014-2015,2015-01-03,-1,16.35899942408521
flatBaselineModel,2014-2015,2015-01-03,0,60.781373151541864
flatBaselineModel,2014-2015,2015-01-03,1,94.44752330817826
flatBaselineModel,2014-2015,2015-01-03,2,182.74801723940092
flatBaselineModel,2014-2015,2015-01-03,3,202.83882587091324
flatBaselineModel,2014-2015,2015-01-10,-1,19.230939044488427
flatBaselineModel,2014-2015,2015-01-10,0,139.13984337796833
flatBaselineModel,2014-2015,2015-01-10,1,249.2699396016128
flatBaselineModel,2014-2015,2015-01-10,2,267.1820024361167
flatBaselineModel,2014-2015,2015-01-10,3,336.8561620428097
flatBaselineModel,2014-2015,2015-01-17,-1,11.97027793064898
flatBaselineModel,2014-2015,2015-01-17,0,89.23170081319591
flatBaselineModel,2014-2015,2015-01-17,1,105.48789194452262
flatBaselineModel,2014-2015,2015-01-17,2,163.83913011050328
flatBaselineModel,2014-2015,2015-01-17,3,155.71795334158907
flatBaselineModel,2014-2015,2015-01-24,-1,7.228409798825281
flatBaselineModel,2014-2015,2015-01-24,0,23.880911123654393
flatBaselineModel,2014-2015,2015-01-24,1,65.7530063912587
flatBaselineModel,2014-2015,2015-01-24,2,59.83999437299619
flatBaselineModel,2014-2015,2015-01-24,3,62.48917047253471
flatBaselineModel,2014-2015,2015-01-31,-1,6.513812866178133
flatBaselineModel,2014-2015,2015-01-31,0,46.62190893547997
flatBaselineModel,2014-2015,2015-01-31,1,40.4102041910891
flatBaselineModel,2014-2015,2015-01-31,2,43.48994671416608
flatBaselineModel,2014-2015,2015-01-31,3,61.54972608492765
flatBaselineModel,2014-2015,2015-02-07,-1,3.9520574429019533
flatBaselineModel,2014-2015,2015-02-07,0,12.666203214778117
flatBaselineModel,2014-2015,2015-02-07,1,17.432023799630397
flatBaselineModel,2014-2015,2015-02-07,2,21.230281320481105
flatBaselineModel,2014-2015,2015-02-07,3,24.91020280960878
flatBaselineModel,2014-2015,2015-02-14,-1,4.357723650287885
flatBaselineModel,2014-2015,2015-02-14,0,12.720567437806318
flatBaselineModel,2014-2015,2015-02-14,1,22.401825893770155
flatBaselineModel,2014-2015,2015-02-14,2,26.888598625796565
flatBaselineModel,2014-2015,2015-02-14,3,41.6833902717089
flatBaselineModel,2014-2015,2015-02-21,-1,4.420999225064466
flatBaselineModel,2014-2015,2015-02-21,0,20.16689951189188
flatBaselineModel,2014-2015,2015-02-21,1,25.394872793015782
flatBaselineModel,2014-2015,2015-02-21,2,41.756105240426066
flatBaselineModel,2014-2015,2015-02-21,3,48.14861424017643
flatBaselineModel,2014-2015,2015-02-28,-1,3.430360742802294
flatBaselineModel,2014-2015,2015-02-28,0,10.222915316947624
flatBaselineModel,2014-2015,2015-02-28,1,20.69282400245462
flatBaselineModel,2014-2015,2015-02-28,2,25.780002281046173
flatBaselineModel,2014-2015,2015-02-28,3,37.99110687199594
flatBaselineModel,2014-2015,2015-03-07,-1,3.285854568891458
flatBaselineModel,2014-2015,2015-03-07,0,17.064221340403314
flatBaselineModel,2014-2015,2015-03-07,1,22.489775262906594
flatBaselineModel,2014-2015,2015-03-07,2,35.97912294863815
flatBaselineModel,2014-2015,2015-03-07,3,44.89916803466999
flatBaselineModel,2014-2015,2015-03-14,-1,2.3884590120352067
flatBaselineModel,2014-2015,2015-03-14,0,7.6198779732421915
flatBaselineModel,2014-2015,2015-03-14,1,16.879314988634732
flatBaselineModel,2014-2015,2015-03-14,2,24.631190321581837
flatBaselineModel,2014-2015,2015-03-14,3,31.561582173783588
flatBaselineModel,2014-2015,2015-03-21,-1,2.2060327471159225
flatBaselineModel,2014-2015,2015-03-21,0,11.997311329380018
flatBaselineModel,2014-2015,2015-03-21,1,19.645224913559776
flatBaselineModel,2014-2015,2015-03-21,2,26.632913645835426
flatBaselineModel,2014-2015,2015-03-21,3,18.511822613626084
flatBaselineModel,2014-2015,2015-03-28,-1,1.5363665435062357
flatBaselineModel,2014-2015,2015-03-28,0,7.087152086227812
flatBaselineModel,2014-2015,2015-03-28,1,12.703822804530262
flatBaselineModel,2014-2015,2015-03-28,2,8.28465954409429
flatBaselineModel,2014-2015,2015-03-28,3,19.079087507015178
flatBaselineModel,2014-2015,2015-04-04,-1,1.1698126857375863
flatBaselineModel,2014-2015,2015-04-04,0,5.6740335145070135
flatBaselineModel,2014-2015,2015-04-04,1,5.162919038653378
flatBaselineModel,2014-2015,2015-04-04,2,11.538486274647887
flatBaselineModel,2014-2015,2015-04-04,3,15.714066752138852
flatBaselineModel,2014-2015,2015-04-11,-1,0.8880909557002599
flatBaselineModel,2014-2015,2015-04-11,0,7.9204387456567735
flatBaselineModel,2014-2015,2015-04-11,1,5.354436232821688
flatBaselineModel,2014-2015,2015-04-11,2,8.970820653666625
flatBaselineModel,2014-2015,2015-04-11,3,8.625831199802555
flatBaselineModel,2015-2016,2015-12-05,-1,0.47396426898348437
flatBaselineModel,2015-2016,2015-12-05,0,1.955633118627318
flatBaselineModel,2015-2016,2015-12-05,1,2.1364025130814093
flatBaselineModel,2015-2016,2015-12-05,2,2.619001311157286
flatBaselineModel,2015-2016,2015-12-05,3,3.105805006629203
flatBaselineModel,2015-2016,2015-12-12,-1,0.3872112265186614
flatBaselineModel,2015-2016,2015-12-12,0,1.193628761170287
flatBaselineModel,2015-2016,2015-12-12,1,1.6429981035400059
flatBaselineModel,2015-2016,2015-12-12,2,3.1836133836638876
flatBaselineModel,2015-2016,2015-12-12,3,8.911398013492608
flatBaselineModel,2015-2016,2015-12-19,-1,0.4220194548304458
flatBaselineModel,2015-2016,2015-12-19,0,1.2320230993399603
flatBaselineModel,2015-2016,2015-12-19,1,2.752603171156319
flatBaselineModel,2015-2016,2015-12-19,2,8.566318865276843
flatBaselineModel,2015-2016,2015-12-19,3,3.8147007570765044
flatBaselineModel,2015-2016,2015-12-26,-1,0.42591505825493214
flatBaselineModel,2015-2016,2015-12-26,0,2.5515176980124457
flatBaselineModel,2015-2016,2015-12-26,1,9.26471124729329
flatBaselineModel,2015-2016,2015-12-26,2,3.6833676760146643
flatBaselineModel,2015-2016,2015-12-26,3,2.639850956050064
flatBaselineModel,2015-2016,2016-01-02,-1,0.5705592490334098
flatBaselineModel,2015-2016,2016-01-02,0,5.799393400289721
flatBaselineModel,2015-2016,2016-01-02,1,2.4510131538279265
flatBaselineModel,2015-2016,2016-01-02,2,4.476001193444264
flatBaselineModel,2015-2016,2016-01-02,3,4.120686910750661
flatBaselineModel,2015-2016,2016-01-09,-1,0.9071563233019784
flatBaselineModel,2015-2016,2016-01-09,0,5.090114752343445
flatBaselineModel,2015-2016,2016-01-09,1,11.056099870355007
flatBaselineModel,2015-2016,2016-01-09,2,9.526851066588549
flatBaselineModel,2015-2016,2016-01-09,3,5.356570154774937
flatBaselineModel,2015-2016,2016-01-16,-1,0.6417206780985282
flatBaselineModel,2015-2016,2016-01-16,0,5.326061290845367
flatBaselineModel,2015-2016,2016-01-16,1,4.252109844415732
flatBaselineModel,2015-2016,2016-01-16,2,4.558876666258793
flatBaselineModel,2015-2016,2016-01-16,3,8.509848620754152
flatBaselineModel,2015-2016,2016-01-23,-1,0.365344525547095
flatBaselineModel,2015-2016,2016-01-23,0,1.3270059827259606
flatBaselineModel,2015-2016,2016-01-23,1,10.220617939726832
flatBaselineModel,2015-2016,2016-01-23,2,16.387514686737646
flatBaselineModel,2015-2016,2016-01-23,3,13.170819528018963
flatBaselineModel,2015-2016,2016-01-30,-1,0.41365577021624156
flatBaselineModel,2015-2016,2016-01-30,0,9.569623703747597
flatBaselineModel,2015-2016,2016-01-30,1,15.373890256722436
flatBaselineModel,2015-2016,2016-01-30,2,12.067914178336624
flatBaselineModel,2015-2016,2016-01-30,3,47.08779921574522
flatBaselineModel,2015-2016,2016-02-06,-1,0.8878963795759904
flatBaselineModel,2015-2016,2016-02-06,0,4.6504399997282135
flatBaselineModel,2015-2016,2016-02-06,1,4.310786510475886
flatBaselineModel,2015-2016,2016-02-06,2,29.229426796993803
flatBaselineModel,2015-2016,2016-02-06,3,83.72012410408517
flatBaselineModel,2015-2016,2016-02-13,-1,1.143199867125143
flatBaselineModel,2015-2016,2016-02-13,0,3.4898574867879972
flatBaselineModel,2015-2016,2016-02-13,1,22.444987018133233
flatBaselineModel,2015-2016,2016-02-13,2,73.37586157712236
flatBaselineModel,2015-2016,2016-02-13,3,132.906760072318
flatBaselineModel,2015-2016,2016-02-20,-1,1.060060016515103
flatBaselineModel,2015-2016,2016-02-20,0,28.12808204259202
flatBaselineModel,2015-2016,2016-02-20,1,86.08496801462846
flatBaselineModel,2015-2016,2016-02-20,2,148.96289433084968
flatBaselineModel,2015-2016,2016-02-20,3,396.0062957191048
flatBaselineModel,2015-2016,2016-02-27,-1,2.3346015442926804
flatBaselineModel,2015-2016,2016-02-27,0,40.27549058962689
flatBaselineModel,2015-2016,2016-02-27,1,90.1508901491843
flatBaselineModel,2015-2016,2016-02-27,2,320.9906592436169
flatBaselineModel,2015-2016,2016-02-27,3,163.62902253353982
flatBaselineModel,2015-2016,2016-03-05,-1,4.418997362287327
flatBaselineModel,2015-2016,2016-03-05,0,36.89809672046586
flatBaselineModel,2015-2016,2016-03-05,1,230.0500493873757
flatBaselineModel,2015-2016,2016-03-05,2,99.4587335541489
flatBaselineModel,2015-2016,2016-03-05,3,52.357777121771605
flatBaselineModel,2015-2016,2016-03-12,-1,6.53268743502079
flatBaselineModel,2015-2016,2016-03-12,0,169.80296270299837
flatBaselineModel,2015-2016,2016-03-12,1,57.01181014475599
flatBaselineModel,2015-2016,2016-03-12,2,35.221122771663644
flatBaselineModel,2015-2016,2016-03-12,3,38.322801226905156
flatBaselineModel,2015-2016,2016-03-19,-1,14.470814667783259
flatBaselineModel,2015-2016,2016-03-19,0,84.80954513857088
flatBaselineModel,2015-2016,2016-03-19,1,132.73288690249282
flatBaselineModel,2015-2016,2016-03-19,2,154.65300913969762
flatBaselineModel,2015-2016,2016-03-19,3,210.00649216194589
flatBaselineModel,2015-2016,2016-03-26,-1,9.827389811767189
flatBaselineModel,2015-2016,2016-03-26,0,46.70360548267842
flatBaselineModel,2015-2016,2016-03-26,1,65.49795489362674
flatBaselineModel,2015-2016,2016-03-26,2,110.40348895388813
flatBaselineModel,2015-2016,2016-03-26,3,122.30215321189952
flatBaselineModel,2015-2016,2016-04-02,-1,7.505901600878869
flatBaselineModel,2015-2016,2016-04-02,0,25.496366034589173
flatBaselineModel,2015-2016,2016-04-02,1,59.8212317768385
flatBaselineModel,2015-2016,2016-04-02,2,70.73781240039531
flatBaselineModel,2015-2016,2016-04-02,3,71.96105030243511
flatBaselineModel,2015-2016,2016-04-09,-1,6.683414335740632
flatBaselineModel,2015-2016,2016-04-09,0,42.181380044990675
flatBaselineModel,2015-2016,2016-04-09,1,52.88400053860496
flatBaselineModel,2015-2016,2016-04-09,2,53.689977898991955
flatBaselineModel,2015-2016,2016-04-09,3,71.62995983009075
flatBaselineModel,2016-2017,2016-12-03,-1,0.8217509167547488
flatBaselineModel,2016-2017,2016-12-03,0,6.125547254931421
flatBaselineModel,2016-2017,2016-12-03,1,3.5073303737823127
flatBaselineModel,2016-2017,2016-12-03,2,16.036419274762178
flatBaselineModel,2016-2017,2016-12-03,3,52.41461559876651
flatBaselineModel,2016-2017,2016-12-10,-1,1.1684567571354227
flatBaselineModel,2016-2017,2016-12-10,0,5.244530132893555
flatBaselineModel,2016-2017,2016-12-10,1,9.221940021637536
flatBaselineModel,2016-2017,2016-12-10,2,40.9924409613681
flatBaselineModel,2016-2017,2016-12-10,3,89.87001754442012
flatBaselineModel,2016-2017,2016-12-17,-1,0.9027901994025809
flatBaselineModel,2016-2017,2016-12-17,0,16.233775928352802
flatBaselineModel,2016-2017,2016-12-17,1,56.12661946350371
flatBaselineModel,2016-2017,2016-12-17,2,111.97413352352744
flatBaselineModel,2016-2017,2016-12-17,3,100.08997689222348
flatBaselineModel,2016-2017,2016-12-24,-1,1.7237110946572172
flatBaselineModel,2016-2017,2016-12-24,0,29.754137324953998
flatBaselineModel,2016-2017,2016-12-24,1,75.90678798880826
flatBaselineModel,2016-2017,2016-12-24,2,65.98880760253134
flatBaselineModel,2016-2017,2016-12-24,3,58.4153777824307
flatBaselineModel,2016-2017,2016-12-31,-1,3.2029884033143503
flatBaselineModel,2016-2017,2016-12-31,0,34.841059923731734
flatBaselineModel,2016-2017,2016-12-31,1,29.57901221830275
flatBaselineModel,2016-2017,2016-12-31,2,27.383900455167552
flatBaselineModel,2016-2017,2016-12-31,3,32.98243773208105
flatBaselineModel,2016-2017,2017-01-07,-1,5.230573389051491
flatBaselineModel,2016-2017,2017-01-07,0,14.968505566225016
flatBaselineModel,2016-2017,2017-01-07,1,21.266166304720254
flatBaselineModel,2016-2017,2017-01-07,2,26.10839176586217
flatBaselineModel,2016-2017,2017-01-07,3,31.299666734855403
flatBaselineModel,2016-2017,2017-01-14,-1,5.0116277417546
flatBaselineModel,2016-2017,2017-01-14,0,14.717003058430919
flatBaselineModel,2016-2017,2017-01-14,1,20.31615423388755
flatBaselineModel,2016-2017,2017-01-14,2,24.83565912082639
flatBaselineModel,2016-2017,2017-01-14,3,37.92883692962506
flatBaselineModel,2016-2017,2017-01-21,-1,4.792023970660908
flatBaselineModel,2016-2017,2017-01-21,0,15.14624499295301
flatBaselineModel,2016-2017,2017-01-21,1,19.821005900118568
flatBaselineModel,2016-2017,2017-01-21,2,37.43987438658815
flatBaselineModel,2016-2017,2017-01-21,3,183.73209786236404
flatBaselineModel,2016-2017,2017-01-28,-1,5.139795462815173
flatBaselineModel,2016-2017,2017-01-28,0,16.067325945991936
flatBaselineModel,2016-2017,2017-01-28,1,30.79154934803359
flatBaselineModel,2016-2017,2017-01-28,2,179.6136262796951
flatBaselineModel,2016-2017,2017-01-28,3,312.31395925577823
flatBaselineModel,2016-2017,2017-02-04,-1,4.890736698935499
flatBaselineModel,2016-2017,2017-02-04,0,33.788538999074156
flatBaselineModel,2016-2017,2017-02-04,1,203.3417519416101
flatBaselineModel,2016-2017,2017-02-04,2,347.3243773926262
flatBaselineModel,2016-2017,2017-02-04,3,446.698996157326
flatBaselineModel,2016-2017,2017-02-11,-1,6.894449112801662
flatBaselineModel,2016-2017,2017-02-11,0,154.9487508526452
flatBaselineModel,2016-2017,2017-02-11,1,283.217551971248
flatBaselineModel,2016-2017,2017-02-11,2,376.209559217782
flatBaselineModel,2016-2017,2017-02-11,3,188.62712771566459
flatBaselineModel,2016-2017,2017-02-18,-1,14.369242889433176
flatBaselineModel,2016-2017,2017-02-18,0,95.5140947722848
flatBaselineModel,2016-2017,2017-02-18,1,167.02441331205816
flatBaselineModel,2016-2017,2017-02-18,2,83.64239882707899
flatBaselineModel,2016-2017,2017-02-18,3,86.87260725741129
flatBaselineModel,2016-2017,2017-02-25,-1,19.760644621103005
flatBaselineModel,2016-2017,2017-02-25,0,82.44716371718116
flatBaselineModel,2016-2017,2017-02-25,1,86.95171166251447
flatBaselineModel,2016-2017,2017-02-25,2,114.15314498061633
flatBaselineModel,2016-2017,2017-02-25,3,146.91889952659605
flatBaselineModel,2016-2017,2017-03-04,-1,23.808385277785444
flatBaselineModel,2016-2017,2017-03-04,0,125.82735127882319
flatBaselineModel,2016-2017,2017-03-04,1,165.30798446431515
flatBaselineModel,2016-2017,2017-03-04,2,209.8219587814095
flatBaselineModel,2016-2017,2017-03-04,3,193.80751923043942
flatBaselineModel,2016-2017,2017-03-11,-1,17.091098678233
flatBaselineModel,2016-2017,2017-03-11,0,55.37758330580844
flatBaselineModel,2016-2017,2017-03-11,1,88.56382887313073
flatBaselineModel,2016-2017,2017-03-11,2,92.01209247294165
flatBaselineModel,2016-2017,2017-03-11,3,112.06666950877116
flatBaselineModel,2016-2017,2017-03-18,-1,15.442905223192538
flatBaselineModel,2016-2017,2017-03-18,0,53.06347293489262
flatBaselineModel,2016-2017,2017-03-18,1,63.481891353436204
flatBaselineModel,2016-2017,2017-03-18,2,82.52176996066648
flatBaselineModel,2016-2017,2017-03-18,3,186.2650297226806
flatBaselineModel,2016-2017,2017-03-25,-1,13.537875068173783
flatBaselineModel,2016-2017,2017-03-25,0,45.21249004683544
flatBaselineModel,2016-2017,2017-03-25,1,55.24541405169731
flatBaselineModel,2016-2017,2017-03-25,2,143.3853739997709
flatBaselineModel,2016-2017,2017-03-25,3,215.39456998115688
flatBaselineModel,2016-2017,2017-04-01,-1,15.076216272202272
flatBaselineModel,2016-2017,2017-04-01,0,47.79527865746691
flatBaselineModel,2016-2017,2017-04-01,1,180.9053020287828
flatBaselineModel,2016-2017,2017-04-01,2,256.6265764585708
flatBaselineModel,2016-2017,2017-04-01,3,290.9483851473297
flatBaselineModel,2016-2017,2017-04-08,-1,13.809655254253556
flatBaselineModel,2016-2017,2017-04-08,0,153.69846975962005
flatBaselineModel,2016-2017,2017-04-08,1,227.40048182862668
flatBaselineModel,2016-2017,2017-04-08,2,264.0830465825723
flatBaselineModel,2016-2017,2017-04-08,3,297.55183022354174
flatBaselineModel,2017-2018,2017-12-02,-1,1.5210570784046753
flatBaselineModel,2017-2018,2017-12-02,0,10.765687095656178
flatBaselineModel,2017-2018,2017-12-02,1,12.755781130566865
flatBaselineModel,2017-2018,2017-12-02,2,22.07789030190894
flatBaselineModel,2017-2018,2017-12-02,3,128.79155460526619
flatBaselineModel,2017-2018,2017-12-09,-1,2.1825951964820614
flatBaselineModel,2017-2018,2017-12-09,0,6.501956375842124
flatBaselineModel,2017-2018,2017-12-09,1,12.589593339347045
flatBaselineModel,2017-2018,2017-12-09,2,104.69742798482169
flatBaselineModel,2017-2018,2017-12-09,3,217.29355321489402
flatBaselineModel,2017-2018,2017-12-16,-1,2.294314958732316
flatBaselineModel,2017-2018,2017-12-16,0,10.184820771149537
flatBaselineModel,2017-2018,2017-12-16,1,109.66498775846418
flatBaselineModel,2017-2018,2017-12-16,2,226.13510841376808
flatBaselineModel,2017-2018,2017-12-16,3,304.39716955256176
flatBaselineModel,2017-2018,2017-12-23,-1,2.806083149502342
flatBaselineModel,2017-2018,2017-12-23,0,100.16342311250557
flatBaselineModel,2017-2018,2017-12-23,1,215.17665302436865
flatBaselineModel,2017-2018,2017-12-23,2,288.4988191466075
flatBaselineModel,2017-2018,2017-12-23,3,508.8021906816695
flatBaselineModel,2017-2018,2017-12-30,-1,7.055407898763255
flatBaselineModel,2017-2018,2017-12-30,0,75.31378422614547
flatBaselineModel,2017-2018,2017-12-30,1,132.30005579744812
flatBaselineModel,2017-2018,2017-12-30,2,310.06922127497785
flatBaselineModel,2017-2018,2017-12-30,3,418.0590998189486
flatBaselineModel,2017-2018,2018-01-06,-1,11.386779906711658
flatBaselineModel,2017-2018,2018-01-06,0,51.95802494929617
flatBaselineModel,2017-2018,2018-01-06,1,186.05217676922553
flatBaselineModel,2017-2018,2018-01-06,2,274.37351353716355
flatBaselineModel,2017-2018,2018-01-06,3,277.2017088298445
flatBaselineModel,2017-2018,2018-01-13,-1,14.107255526541383
flatBaselineModel,2017-2018,2018-01-13,0,130.07026019607073
flatBaselineModel,2017-2018,2018-01-13,1,209.882047096154
flatBaselineModel,2017-2018,2018-01-13,2,214.91210218654894
flatBaselineModel,2017-2018,2018-01-13,3,277.5869162054947
flatBaselineModel,2017-2018,2018-01-20,-1,21.497824445438766
flatBaselineModel,2017-2018,2018-01-20,0,88.73170869803918
flatBaselineModel,2017-2018,2018-01-20,1,111.04241482068834
flatBaselineModel,2017-2018,2018-01-20,2,161.5609258305066
flatBaselineModel,2017-2018,2018-01-20,3,206.36641281266475
flatBaselineModel,2017-2018,2018-01-27,-1,26.635630681749888
flatBaselineModel,2017-2018,2018-01-27,0,76.54537438150413
flatBaselineModel,2017-2018,2018-01-27,1,120.57859174153137
flatBaselineModel,2017-2018,2018-01-27,2,161.0500227825682
flatBaselineModel,2017-2018,2018-01-27,3,163.7528428730405
flatBaselineModel,2017-2018,2018-02-03,-1,26.855125616455275
flatBaselineModel,2017-2018,2018-02-03,0,91.79430905917197
flatBaselineModel,2017-2018,2018-02-03,1,137.91827986350845
flatBaselineModel,2017-2018,2018-02-03,2,141.30125270613556
flatBaselineModel,2017-2018,2018-02-03,3,234.1468435048625
flatBaselineModel,2017-2018,2018-02-10,-1,31.344877827579936
flatBaselineModel,2017-2018,2018-02-10,0,95.8339443726003
flatBaselineModel,2017-2018,2018-02-10,1,126.20820595476826
flatBaselineModel,2017-2018,2018-02-10,2,281.29739702598647
flatBaselineModel,2017-2018,2018-02-10,3,445.69674162843074
flatBaselineModel,2017-2018,2018-02-17,-1,33.36790686852861
flatBaselineModel,2017-2018,2018-02-17,0,104.64591228554313
flatBaselineModel,2017-2018,2018-02-17,1,346.4572630188054
flatBaselineModel,2017-2018,2018-02-17,2,528.7990394357562
flatBaselineModel,2017-2018,2018-02-17,3,596.3341331296671
flatBaselineModel,2017-2018,2018-02-24,-1,29.682674863537834
flatBaselineModel,2017-2018,2018-02-24,0,280.0907283640295
flatBaselineModel,2017-2018,2018-02-24,1,456.5026418127519
flatBaselineModel,2017-2018,2018-02-24,2,516.2060888636908
flatBaselineModel,2017-2018,2018-02-24,3,498.5832310509395
flatBaselineModel,2017-2018,2018-03-03,-1,16.023552454029495
flatBaselineModel,2017-2018,2018-03-03,0,140.81358537383937
flatBaselineModel,2017-2018,2018-03-03,1,198.02157810175942
flatBaselineModel,2017-2018,2018-03-03,2,191.80050820617728
flatBaselineModel,2017-2018,2018-03-03,3,199.36314948285028
flatBaselineModel,2017-2018,2018-03-10,-1,8.987134393115085
flatBaselineModel,2017-2018,2018-03-10,0,47.01325446317787
flatBaselineModel,2017-2018,2018-03-10,1,50.08217337478494
flatBaselineModel,2017-2018,2018-03-10,2,58.681704169390365
flatBaselineModel,2017-2018,2018-03-10,3,62.382932506337156
flatBaselineModel,2017-2018,2018-03-17,-1,6.637862758338602
flatBaselineModel,2017-2018,2018-03-17,0,19.47550828589945
flatBaselineModel,2017-2018,2018-03-17,1,27.044669261925332
flatBaselineModel,2017-2018,2018-03-17,2,33.750705007296034
flatBaselineModel,2017-2018,2018-03-17,3,41.289641888296124
flatBaselineModel,2017-2018,2018-03-24,-1,6.832777918561054
flatBaselineModel,2017-2018,2018-03-24,0,19.572785112039202
flatBaselineModel,2017-2018,2018-03-24,1,27.904222971780616
flatBaselineModel,2017-2018,2018-03-24,2,38.2343617685908
flatBaselineModel,2017-2018,2018-03-24,3,75.22885621372725
flatBaselineModel,2017-2018,2018-03-31,-1,6.797658273468585
flatBaselineModel,2017-2018,2018-03-31,0,19.855302171033408
flatBaselineModel,2017-2018,2018-03-31,1,30.112682724264715
flatBaselineModel,2017-2018,2018-03-31,2,69.76009185624467
flatBaselineModel,2017-2018,2018-03-31,3,87.32119681801547
flatBaselineModel,2017-2018,2018-04-07,-1,6.962774888555518
flatBaselineModel,2017-2018,2018-04-07,0,26.780225487237054
flatBaselineModel,2017-2018,2018-04-07,1,74.89560475994763
flatBaselineModel,2017-2018,2018-04-07,2,93.04600203859722
flatBaselineModel,2017-2018,2018-04-07,3,107.91677793918011
flatBaselineModel,2017-2018,2018-04-14,-1,5.6686483540584245
flatBaselineModel,2017-2018,2018-04-14,0,49.28889395771702
flatBaselineModel,2017-2018,2018-04-14,1,65.4596865978511
flatBaselineModel,2017-2018,2018-04-14,2,77.09932409438278
flatBaselineModel,2017-2018,2018-04-14,3,104.71978978731352
flatBaselineModel,2018-2019,2018-12-01,-1,1.6808121818825021
flatBaselineModel,2018-2019,2018-12-01,0,4.870053246878594
flatBaselineModel,2018-2019,2018-12-01,1,6.8500461075962695
flatBaselineModel,2018-2019,2018-12-01,2,12.843144893849951
flatBaselineModel,2018-2019,2018-12-01,3,35.543624532410206
flatBaselineModel,2018-2019,2018-12-08,-1,1.6668877191240516
flatBaselineModel,2018-2019,2018-12-08,0,4.899579174590591
flatBaselineModel,2018-2019,2018-12-08,1,12.30141824697874
flatBaselineModel,2018-2019,2018-12-08,2,37.35864668838122
flatBaselineModel,2018-2019,2018-12-08,3,107.81964458823894
flatBaselineModel,2018-2019,2018-12-15,-1,1.7523863152142085
flatBaselineModel,2018-2019,2018-12-15,0,10.708867045404242
flatBaselineModel,2018-2019,2018-12-15,1,37.530758252798776
flatBaselineModel,2018-2019,2018-12-15,2,109.74137536762505
flatBaselineModel,2018-2019,2018-12-15,3,101.19436721129382
flatBaselineModel,2018-2019,2018-12-22,-1,2.3752825096523695
flatBaselineModel,2018-2019,2018-12-22,0,24.0001019704446
flatBaselineModel,2018-2019,2018-12-22,1,92.16812120421821
flatBaselineModel,2018-2019,2018-12-22,2,83.81329848479633
flatBaselineModel,2018-2019,2018-12-22,3,48.341632547712855
flatBaselineModel,2018-2019,2018-12-29,-1,3.6873872124033666
flatBaselineModel,2018-2019,2018-12-29,0,55.57833927961523
flatBaselineModel,2018-2019,2018-12-29,1,48.96454613022848
flatBaselineModel,2018-2019,2018-12-29,2,27.16678794754057
flatBaselineModel,2018-2019,2018-12-29,3,51.53316588369999
flatBaselineModel,2018-2019,2019-01-05,-1,6.65821739128319
flatBaselineModel,2018-2019,2019-01-05,0,19.326129412500894
flatBaselineModel,2018-2019,2019-01-05,1,33.753414904012615
flatBaselineModel,2018-2019,2019-01-05,2,33.22449513447868
flatBaselineModel,2018-2019,2019-01-05,3,66.48873268546885
flatBaselineModel,2018-2019,2019-01-12,-1,6.570369421391692
flatBaselineModel,2018-2019,2019-01-12,0,28.00336927250106
flatBaselineModel,2018-2019,2019-01-12,1,27.451671749455752
flatBaselineModel,2018-2019,2019-01-12,2,64.96064567693587
flatBaselineModel,2018-2019,2019-01-12,3,189.168074360307
flatBaselineModel,2018-2019,2019-01-19,-1,5.147872004394414
flatBaselineModel,2018-2019,2019-01-19,0,27.94059483894465
flatBaselineModel,2018-2019,2019-01-19,1,94.0617372682783
flatBaselineModel,2018-2019,2019-01-19,2,248.52926191595557
flatBaselineModel,2018-2019,2019-01-19,3,556.9260213185452
flatBaselineModel,2018-2019,2019-01-26,-1,6.852986466767631
flatBaselineModel,2018-2019,2019-01-26,0,61.063715011873185
flatBaselineModel,2018-2019,2019-01-26,1,205.28584878586125
flatBaselineModel,2018-2019,2019-01-26,2,500.6943429768842
flatBaselineModel,2018-2019,2019-01-26,3,360.96818320595236
flatBaselineModel,2018-2019,2019-02-02,-1,10.50728681551463
flatBaselineModel,2018-2019,2019-02-02,0,116.88516753930858
flatBaselineModel,2018-2019,2019-02-02,1,376.2133255906859
flatBaselineModel,2018-2019,2019-02-02,2,254.49101154815227
flatBaselineModel,2018-2019,2019-02-02,3,170.1132929601326
flatBaselineModel,2018-2019,2019-02-09,-1,16.718316659836443
flatBaselineModel,2018-2019,2019-02-09,0,208.46572676754855
flatBaselineModel,2018-2019,2019-02-09,1,126.68587871076976
flatBaselineModel,2018-2019,2019-02-09,2,98.73081416537161
flatBaselineModel,2018-2019,2019-02-09,3,102.96361877878616
flatBaselineModel,2018-2019,2019-02-16,-1,27.77657826353952
flatBaselineModel,2018-2019,2019-02-16,0,97.06057665552882
flatBaselineModel,2018-2019,2019-02-16,1,162.67218646944076
flatBaselineModel,2018-2019,2019-02-16,2,202.90235734598485
flatBaselineModel,2018-2019,2019-02-16,3,308.78631095314546
flatBaselineModel,2018-2019,2019-02-23,-1,24.378661778599206
flatBaselineModel,2018-2019,2019-02-23,0,89.07525962538729
flatBaselineModel,2018-2019,2019-02-23,1,129.08568404392696
flatBaselineModel,2018-2019,2019-02-23,2,226.2843961632606
flatBaselineModel,2018-2019,2019-02-23,3,240.89615762369561
flatBaselineModel,2018-2019,2019-03-02,-1,20.492089960128276
flatBaselineModel,2018-2019,2019-03-02,0,64.4550167486489
flatBaselineModel,2018-2019,2019-03-02,1,145.01400177504595
flatBaselineModel,2018-2019,2019-03-02,2,160.01872187732806
flatBaselineModel,2018-2019,2019-03-02,3,254.19156761636904
flatBaselineModel,2018-2019,2019-03-09,-1,18.737620550938182
flatBaselineModel,2018-2019,2019-03-09,0,109.03537670349235
flatBaselineModel,2018-2019,2019-03-09,1,121.82852013035317
flatBaselineModel,2018-2019,2019-03-09,2,215.61096557099287
flatBaselineModel,2018-2019,2019-03-09,3,222.72906508170655
flatBaselineModel,2018-2019,2019-03-16,-1,12.743057607672975
flatBaselineModel,2018-2019,2019-03-16,0,37.530942611724505
flatBaselineModel,2018-2019,2019-03-16,1,92.26383364618162
flatBaselineModel,2018-2019,2019-03-16,2,99.60714785305031
flatBaselineModel,2018-2019,2019-03-16,3,109.3459889362434
flatBaselineModel,2018-2019,2019-03-23,-1,12.65704605832796
flatBaselineModel,2018-2019,2019-03-23,0,87.5903460903394
flatBaselineModel,2018-2019,2019-03-23,1,90.88162027884674
flatBaselineModel,2018-2019,2019-03-23,2,102.40510022201804
flatBaselineModel,2018-2019,2019-03-23,3,155.05004918429705
flatBaselineModel,2018-2019,2019-03-30,-1,8.16019011324625
flatBaselineModel,2018-2019,2019-03-30,0,23.740309089536215
flatBaselineModel,2018-2019,2019-03-30,1,33.462162111646165
flatBaselineModel,2018-2019,2019-03-30,2,60.70284992682787
flatBaselineModel,2018-2019,2019-03-30,3,109.67094451802758
flatBaselineModel,2018-2019,2019-04-06,-1,8.28810619315661
flatBaselineModel,2018-2019,2019-04-06,0,23.774135513144582
flatBaselineModel,2018-2019,2019-04-06,1,56.49844127665667
flatBaselineModel,2018-2019,2019-04-06,2,109.12330660202143
flatBaselineModel,2018-2019,2019-04-06,3,138.7701339533089
flatBaselineModel,2018-2019,2019-04-13,-1,7.891091905679038
flatBaselineModel,2018-2019,2019-04-13,0,48.68643338392248
flatBaselineModel,2018-2019,2019-04-13,1,105.2620765355366
flatBaselineModel,2018-2019,2019-04-13,2,134.33041398036528
flatBaselineModel,2018-2019,2019-04-13,3,161.82807814328865
flatBaselineModel,2019-2020,2019-12-07,-1,2.365551311025822
flatBaselineModel,2019-2020,2019-12-07,0,7.460995580285285
flatBaselineModel,2019-2020,2019-12-07,1,29.439922671643384
flatBaselineModel,2019-2020,2019-12-07,2,50.777283951934
flatBaselineModel,2019-2020,2019-12-07,3,188.4841161882718
flatBaselineModel,2019-2020,2019-12-14,-1,2.5530435784796643
flatBaselineModel,2019-2020,2019-12-14,0,26.90383736375831
flatBaselineModel,2019-2020,2019-12-14,1,47.541518839444535
flatBaselineModel,2019-2020,2019-12-14,2,188.96656942220628
flatBaselineModel,2019-2020,2019-12-14,3,271.5991172851289
flatBaselineModel,2019-2020,2019-12-21,-1,4.057451479540728
flatBaselineModel,2019-2020,2019-12-21,0,19.93121125633227
flatBaselineModel,2019-2020,2019-12-21,1,139.56694474353918
flatBaselineModel,2019-2020,2019-12-21,2,212.96706968901822
flatBaselineModel,2019-2020,2019-12-21,3,102.49546501619282
flatBaselineModel,2019-2020,2019-12-28,-1,5.175757217093565
flatBaselineModel,2019-2020,2019-12-28,0,114.52881681917854
flatBaselineModel,2019-2020,2019-12-28,1,181.87979447633393
flatBaselineModel,2019-2020,2019-12-28,2,77.27888866777587
flatBaselineModel,2019-2020,2019-12-28,3,65.28405590878647
flatBaselineModel,2019-2020,2020-01-04,-1,10.569864700984644
flatBaselineModel,2019-2020,2020-01-04,0,54.72155213084476
flatBaselineModel,2019-2020,2020-01-04,1,45.30043646887609
flatBaselineModel,2019-2020,2020-01-04,2,58.358886900123686
flatBaselineModel,2019-2020,2020-01-04,3,65.4488939113398
flatBaselineModel,2019-2020,2020-01-11,-1,13.82787271565908
flatBaselineModel,2019-2020,2020-01-11,0,77.05889120825246
flatBaselineModel,2019-2020,2020-01-11,1,94.35535658159941
flatBaselineModel,2019-2020,2020-01-11,2,74.17486747099298
flatBaselineModel,2019-2020,2020-01-11,3,92.58143595589021
flatBaselineModel,2019-2020,2020-01-18,-1,9.752147682225054
flatBaselineModel,2019-2020,2020-01-18,0,29.700316794321303
flatBaselineModel,2019-2020,2020-01-18,1,49.18232327093044
flatBaselineModel,2019-2020,2020-01-18,2,127.62280191971851
flatBaselineModel,2019-2020,2020-01-18,3,234.08165761676113
flatBaselineModel,2019-2020,2020-01-25,-1,9.066989468557082
flatBaselineModel,2019-2020,2020-01-25,0,49.94569090709615
flatBaselineModel,2019-2020,2020-01-25,1,150.71453374958452
flatBaselineModel,2019-2020,2020-01-25,2,264.2737131817186
flatBaselineModel,2019-2020,2020-01-25,3,141.9759727365394
flatBaselineModel,2019-2020,2020-02-01,-1,11.995460446496454
flatBaselineModel,2019-2020,2020-02-01,0,92.4922197264923
flatBaselineModel,2019-2020,2020-02-01,1,196.27448777308663
flatBaselineModel,2019-2020,2020-02-01,2,97.180736229717
flatBaselineModel,2019-2020,2020-02-01,3,89.60151402680359
flatBaselineModel,2019-2020,2020-02-08,-1,17.365042982957
flatBaselineModel,2019-2020,2020-02-08,0,95.31091713785393
flatBaselineModel,2019-2020,2020-02-08,1,69.53597850800885
flatBaselineModel,2019-2020,2020-02-08,2,87.51988522711123
flatBaselineModel,2019-2020,2020-02-08,3,106.68909715917223
flatBaselineModel,2019-2020,2020-02-15,-1,23.200128544841565
flatBaselineModel,2019-2020,2020-02-15,0,105.68982467805255
flatBaselineModel,2019-2020,2020-02-15,1,137.94857938791992
flatBaselineModel,2019-2020,2020-02-15,2,165.9511489418574
flatBaselineModel,2019-2020,2020-02-15,3,181.72970503455238
flatBaselineModel,2019-2020,2020-02-22,-1,17.58057618973368
flatBaselineModel,2019-2020,2020-02-22,0,53.27023784328011
flatBaselineModel,2019-2020,2020-02-22,1,77.81729730871768
flatBaselineModel,2019-2020,2020-02-22,2,95.25959640672895
flatBaselineModel,2019-2020,2020-02-22,3,132.24261987673032
flatBaselineModel,2019-2020,2020-02-29,-1,16.370674700561302
flatBaselineModel,2019-2020,2020-02-29,0,49.18409262564332
flatBaselineModel,2019-2020,2020-02-29,1,66.75886551639343
flatBaselineModel,2019-2020,2020-02-29,2,98.82424366651661
flatBaselineModel,2019-2020,2020-02-29,3,193.22218881807106
flatBaselineModel,2019-2020,2020-03-07,-1,15.28806313847373
flatBaselineModel,2019-2020,2020-03-07,0,44.40791137633142
flatBaselineModel,2019-2020,2020-03-07,1,72.99145940457042
flatBaselineModel,2019-2020,2020-03-07,2,165.3234658893148
flatBaselineModel,2019-2020,2020-03-07,3,300.482320955496
flatBaselineModel,2019-2020,2020-03-14,-1,14.853941876882187
flatBaselineModel,2019-2020,2020-03-14,0,57.08431161539337
flatBaselineModel,2019-2020,2020-03-14,1,162.42218331094847
flatBaselineModel,2019-2020,2020-03-14,2,302.01167228464385
flatBaselineModel,2019-2020,2020-03-14,3,313.7166906302607
flatBaselineModel,2019-2020,2020-03-21,-1,12.264823303079806
flatBaselineModel,2019-2020,2020-03-21,0,107.77209543077954
flatBaselineModel,2019-2020,2020-03-21,1,243.78463212905297
flatBaselineModel,2019-2020,2020-03-21,2,253.50378875667937
flatBaselineModel,2019-2020,2020-03-21,3,272.0248403575049
flatBaselineModel,2019-2020,2020-03-28,-1,6.750491731835614
flatBaselineModel,2019-2020,2020-03-28,0,117.47861410045036
flatBaselineModel,2019-2020,2020-03-28,1,126.02037938396795
flatBaselineModel,2019-2020,2020-03-28,2,144.59529618069325
flatBaselineModel,2019-2020,2020-03-28,3,151.0136059781551
flatBaselineModel,2019-2020,2020-04-04,-1,1.8395613405809597
flatBaselineModel,2019-2020,2020-04-04,0,10.014244711608603
flatBaselineModel,2019-2020,2020-04-04,1,26.131487666061698
flatBaselineModel,2019-2020,2020-04-04,2,32.99608452056252
flatBaselineModel,2019-2020,2020-04-04,3,28.4420867869594
flatBaselineModel,2019-2020,2020-04-11,-1,1.2806080272304472
flatBaselineModel,2019-2020,2020-04-11,0,14.44038844505312
flatBaselineModel,2019-2020,2020-04-11,1,20.648913372849215
flatBaselineModel,2019-2020,2020-04-11,2,16.085907466855147
flatBaselineModel,2019-2020,2020-04-11,3,14.606535629084071
flatBaselineModel,2023-2024,2023-12-02,-1,7.352472308680992
flatBaselineModel,2023-2024,2023-12-02,0,41.265214751685974
flatBaselineModel,2023-2024,2023-12-02,1,149.36107878996356
flatBaselineModel,2023-2024,2023-12-02,2,295.40754116676095
flatBaselineModel,2023-2024,2023-12-02,3,736.2137888219497
flatBaselineModel,2023-2024,2023-12-09,-1,9.631859533304729
flatBaselineModel,2023-2024,2023-12-09,0,99.7741201224963
flatBaselineModel,2023-2024,2023-12-09,1,239.4390935556024
flatBaselineModel,2023-2024,2023-12-09,2,658.6138262981783
flatBaselineModel,2023-2024,2023-12-09,3,1087.507114459971
flatBaselineModel,2023-2024,2023-12-16,-1,15.458531792459485
flatBaselineModel,2023-2024,2023-12-16,0,111.89212821489744
flatBaselineModel,2023-2024,2023-12-16,1,477.358697287861
flatBaselineModel,2023-2024,2023-12-16,2,863.0042628582121
flatBaselineModel,2023-2024,2023-12-16,3,330.4289797496887
flatBaselineModel,2023-2024,2023-12-23,-1,21.68117403681859
flatBaselineModel,2023-2024,2023-12-23,0,313.2540843225666
flatBaselineModel,2023-2024,2023-12-23,1,659.1888313973656
flatBaselineModel,2023-2024,2023-12-23,2,208.54666407848072
flatBaselineModel,2023-2024,2023-12-23,3,128.88574805007585
flatBaselineModel,2023-2024,2023-12-30,-1,38.445543714263444
flatBaselineModel,2023-2024,2023-12-30,0,265.7046890869598
flatBaselineModel,2023-2024,2023-12-30,1,166.7043015304496
flatBaselineModel,2023-2024,2023-12-30,2,321.46779255012785
flatBaselineModel,2023-2024,2023-12-30,3,475.9949213626667
flatBaselineModel,2023-2024,2024-01-06,-1,53.450220235005176
flatBaselineModel,2023-2024,2024-01-06,0,390.22084774092406
flatBaselineModel,2023-2024,2024-01-06,1,656.3577646017791
flatBaselineModel,2023-2024,2024-01-06,2,843.1406373653414
flatBaselineModel,2023-2024,2024-01-06,3,893.2509005717977
flatBaselineModel,2023-2024,2024-01-13,-1,34.0297076152387
flatBaselineModel,2023-2024,2024-01-13,0,221.28458146396875
flatBaselineModel,2023-2024,2024-01-13,1,383.3426574865718
flatBaselineModel,2023-2024,2024-01-13,2,417.18381260177557
flatBaselineModel,2023-2024,2024-01-13,3,498.913465251726
flatBaselineModel,2023-2024,2024-01-20,-1,22.65689484945487
flatBaselineModel,2023-2024,2024-01-20,0,138.1369148207643
flatBaselineModel,2023-2024,2024-01-20,1,173.96519246185363
flatBaselineModel,2023-2024,2024-01-20,2,245.8039194211344
flatBaselineModel,2023-2024,2024-01-20,3,279.01272214279055
flatBaselineModel,2023-2024,2024-01-27,-1,14.973352274397266
flatBaselineModel,2023-2024,2024-01-27,0,48.36024074922607
flatBaselineModel,2023-2024,2024-01-27,1,99.86230104524716
flatBaselineModel,2023-2024,2024-01-27,2,126.55018054287986
flatBaselineModel,2023-2024,2024-01-27,3,156.91534365301862
flatBaselineModel,2023-2024,2024-02-03,-1,13.732157491055778
flatBaselineModel,2023-2024,2024-02-03,0,62.930199448087414
flatBaselineModel,2023-2024,2024-02-03,1,90.35716041402895
flatBaselineModel,2023-2024,2024-02-03,2,119.22120999079692
flatBaselineModel,2023-2024,2024-02-03,3,108.14339748597439
flatBaselineModel,2023-2024,2024-02-10,-1,10.340566395039676
flatBaselineModel,2023-2024,2024-02-10,0,34.195976969779004
flatBaselineModel,2023-2024,2024-02-10,1,57.64358365889043
flatBaselineModel,2023-2024,2024-02-10,2,55.66300126342281
flatBaselineModel,2023-2024,2024-02-10,3,74.60081805721494
flatBaselineModel,2023-2024,2024-02-17,-1,9.041712497552403
flatBaselineModel,2023-2024,2024-02-17,0,33.199980794779
flatBaselineModel,2023-2024,2024-02-17,1,37.73907239352915
flatBaselineModel,2023-2024,2024-02-17,2,52.60967823853227
flatBaselineModel,2023-2024,2024-02-17,3,68.07206990804168
flatBaselineModel,2023-2024,2024-02-24,-1,7.719493854155734
flatBaselineModel,2023-2024,2024-02-24,0,27.231077358645916
flatBaselineModel,2023-2024,2024-02-24,1,31.27374591269586
flatBaselineModel,2023-2024,2024-02-24,2,43.42616119169081
flatBaselineModel,2023-2024,2024-02-24,3,76.94627302428054
flatBaselineModel,2023-2024,2024-03-02,-1,8.94309941646684
flatBaselineModel,2023-2024,2024-03-02,0,33.19247975415505
flatBaselineModel,2023-2024,2024-03-02,1,52.59545336742324
flatBaselineModel,2023-2024,2024-03-02,2,98.24333631463645
flatBaselineModel,2023-2024,2024-03-02,3,113.68044671168215
flatBaselineModel,2023-2024,2024-03-09,-1,7.425775709775443
flatBaselineModel,2023-2024,2024-03-09,0,25.4323189170117
flatBaselineModel,2023-2024,2024-03-09,1,67.0360947037678
flatBaselineModel,2023-2024,2024-03-09,2,81.55170720821202
flatBaselineModel,2023-2024,2024-03-09,3,63.63309627560785
flatBaselineModel,2023-2024,2024-03-16,-1,6.390751380382385
flatBaselineModel,2023-2024,2024-03-16,0,46.98003929312811
flatBaselineModel,2023-2024,2024-03-16,1,59.35248135301802
flatBaselineModel,2023-2024,2024-03-16,2,42.278505976445516
flatBaselineModel,2023-2024,2024-03-16,3,57.41886278737268
flatBaselineModel,2023-2024,2024-03-23,-1,3.9925448415533955
flatBaselineModel,2023-2024,2024-03-23,0,14.039824146791249
flatBaselineModel,2023-2024,2024-03-23,1,17.94586700247561
flatBaselineModel,2023-2024,2024-03-23,2,20.613899648086917
flatBaselineModel,2023-2024,2024-03-23,3,28.82296665809309
flatBaselineModel,2023-2024,2024-03-30,-1,3.4080370469692314
flatBaselineModel,2023-2024,2024-03-30,0,19.70797524081396
flatBaselineModel,2023-2024,2024-03-30,1,14.169830945821024
flatBaselineModel,2023-2024,2024-03-30,2,18.37420567532901
flatBaselineModel,2023-2024,2024-03-30,3,35.90285089962286
flatBaselineModel,2023-2024,2024-04-06,-1,4.5860907150649055
flatBaselineModel,2023-2024,2024-04-06,0,18.079886217702363
flatBaselineModel,2023-2024,2024-04-06,1,33.021100774482115
flatBaselineModel,2023-2024,2024-04-06,2,60.952765522712305
flatBaselineModel,2023-2024,2024-04-06,3,57.35548970276445
flatBaselineModel,2023-2024,2024-04-13,-1,3.720940172123218
flatBaselineModel,2023-2024,2024-04-13,0,16.639280135004594
flatBaselineModel,2023-2024,2024-04-13,1,41.92904396063214
flatBaselineModel,2023-2024,2024-04-13,2,38.30438443915923
flatBaselineModel,2023-2024,2024-04-13,3,42.482902731136534
