"origin_state","01","02","04","05","06","08","09","10","11","12","13","15","16","17","18","19","20","21","22","23","24","25","26","27","28","29","30","31","32","33","34","35","36","37","38","39","40","41","42","44","45","46","47","48","49","50","51","53","54","55","56","72"
"01","2.518397e+06","3.188205e+00","5.004745e+01","1.045603e+03","2.087283e+02","4.530742e+01","3.143644e+01","1.507003e+01","1.392234e+01","1.307438e+05","1.412281e+05","6.199180e+00","1.154985e+01","7.862294e+02","8.526037e+02","6.472128e+01","7.969759e+01","2.025354e+03","1.648091e+04","1.002193e+01","1.137415e+02","5.547529e+01","2.083582e+02","5.746110e+01","9.332124e+04","7.739036e+02","7.117601e+00","2.676044e+01","1.942045e+01","1.072049e+01","1.066073e+02","1.634188e+01","1.970883e+02","1.837253e+03","5.697332e+00","7.748017e+02","1.652958e+02","1.939519e+01","2.196326e+02","8.984712e+00","1.888769e+03","8.096888e+00","7.613536e+04","1.404595e+03","2.299730e+01","5.026777e+00","3.881396e+02","3.576024e+01","1.404033e+02","9.720890e+01","4.150278e+00","1.978543e+01"
"02","5.701646e+00","4.544641e+05","7.573689e+01","8.418149e+00","2.329090e+03","8.407167e+01","2.812082e+00","7.763597e-01","6.394295e-01","1.238456e+01","9.866253e+00","1.562998e+01","4.924070e+02","5.406871e+01","1.943137e+01","2.228396e+01","1.874426e+01","8.347851e+00","5.875417e+00","1.253759e+00","5.980726e+00","5.070049e+00","3.408547e+01","5.673693e+01","4.048218e+00","2.676386e+01","2.770945e+02","1.713314e+01","2.364224e+02","1.321320e+00","7.631123e+00","1.701606e+01","1.976106e+01","7.786099e+00","2.896786e+01","2.416317e+01","1.855611e+01","2.892817e+03","1.539553e+01","7.173554e-01","3.679588e+00","1.705492e+01","1.127719e+01","7.325717e+01","1.747381e+02","8.160690e-01","7.646540e+00","7.162848e+04","2.391971e+00","3.657439e+01","2.755108e+01","1.611206e+00"
"04","1.640273e+03","6.187267e+01","2.858385e+06","1.939568e+03","8.885264e+05","2.124351e+04","3.122736e+02","1.100682e+02","7.930466e+01","3.464791e+03","2.498601e+03","1.131003e+02","3.784559e+03","4.625761e+03","2.001453e+03","1.735739e+03","3.310577e+03","1.256872e+03","2.375516e+03","1.113881e+02","7.167705e+02","5.772944e+02","2.173513e+03","2.668815e+03","1.315252e+03","3.607936e+03","1.363123e+03","1.945882e+03","1.742057e+05","1.158797e+02","9.199146e+02","3.901097e+04","1.917795e+03","1.653228e+03","4.422239e+02","2.403148e+03","5.900052e+03","4.867895e+03","1.560408e+03","9.134996e+01","9.076723e+02","7.690269e+02","2.315355e+03","4.819807e+04","2.787480e+04","5.526079e+01","1.126733e+03","5.577884e+03","2.976279e+02","2.028479e+03","1.313018e+03","2.491634e+02"
"05","8.240930e+02","1.190623e+00","2.414535e+01","1.593594e+06","8.018077e+01","5.631874e+01","9.848486e+00","4.084032e+00","3.261743e+00","1.709974e+02","3.319469e+02","2.315080e+00","4.746633e+00","1.019630e+03","2.829426e+02","1.828011e+02","3.857864e+03","5.710007e+02","2.796076e+04","3.050981e+00","2.865931e+01","1.721933e+01","9.512544e+01","6.223323e+01","2.473162e+04","6.432379e+04","3.063516e+00","1.310552e+02","7.783220e+00","3.405675e+00","3.144294e+01","1.758102e+01","6.334695e+01","9.706262e+01","4.002766e+00","1.511463e+02","6.073907e+04","7.392179e+00","5.952942e+01","2.762233e+00","6.078128e+01","1.168878e+01","5.146305e+04","2.294148e+04","1.154305e+01","1.638759e+00","5.116914e+01","1.359467e+01","1.670154e+01","8.521904e+01","3.110298e+00","5.266377e+00"
"06","1.081124e+04","7.449118e+02","3.363901e+05","1.321944e+04","2.321139e+07","9.309076e+04","2.272004e+03","8.002099e+02","6.078721e+02","2.371016e+04","1.723376e+04","8.829883e+02","3.869608e+04","3.476439e+04","1.488409e+04","1.354656e+04","2.173731e+04","9.002837e+03","1.548242e+04","8.055429e+02","5.427929e+03","4.188591e+03","1.712296e+04","2.239787e+04","8.698767e+03","2.589583e+04","1.343806e+04","1.438171e+04","3.927693e+05","8.453660e+02","6.696793e+03","4.204499e+04","1.429021e+04","1.204257e+04","4.517900e+03","1.802096e+04","3.285196e+04","1.115594e+05","1.186381e+04","6.621009e+02","6.511211e+03","6.710130e+03","1.582243e+04","2.190571e+05","8.925242e+04","4.069872e+02","8.366427e+03","9.826604e+04","2.224046e+03","1.640358e+04","8.478882e+03","1.820368e+03"
"08","1.834828e+02","8.091401e+00","9.098006e+03","1.189845e+03","5.571367e+03","3.648552e+06","4.454134e+01","1.640660e+01","1.269552e+01","3.666773e+02","3.002869e+02","1.538398e+01","3.440903e+03","1.312667e+03","3.544276e+02","3.353195e+03","2.635301e+04","1.895469e+02","3.125978e+02","1.546474e+01","1.134453e+02","8.037083e+01","3.722695e+02","2.602912e+03","1.627048e+02","4.776148e+03","1.988834e+03","2.488579e+04","2.963446e+03","1.622157e+01","1.343616e+02","4.766590e+04","2.911614e+02","2.330343e+02","9.814639e+02","3.672429e+02","1.355319e+04","2.545993e+02","2.457490e+02","1.266450e+01","1.213276e+02","7.141413e+03","3.554411e+02","2.215736e+04","4.471287e+04","8.017930e+00","1.710878e+02","4.402411e+02","4.406631e+01","6.838534e+02","2.496668e+04","3.485399e+01"
"09","1.624780e+02","5.741899e+00","8.505634e+01","6.741341e+01","3.533972e+02","7.881142e+01","1.703709e+06","4.036654e+02","1.768603e+02","5.776305e+02","4.657014e+02","1.116376e+01","2.327368e+01","5.932771e+02","4.402093e+02","8.938009e+01","5.709132e+01","2.948976e+02","8.591121e+01","5.202875e+02","1.851407e+03","1.956626e+05","9.739387e+02","1.484685e+02","7.063586e+01","1.701533e+02","1.403154e+01","3.784510e+01","3.478499e+01","2.058139e+03","1.845968e+04","2.647926e+01","2.517309e+05","1.173088e+03","1.372098e+01","1.438374e+03","7.278422e+01","3.908519e+01","5.769248e+03","8.226388e+04","3.626765e+02","1.662088e+01","3.318909e+02","4.651231e+02","4.129142e+01","5.209606e+02","1.697459e+03","8.016049e+01","2.744593e+02","2.512773e+02","7.700729e+00","4.435607e+01"
"10","3.764690e+01","1.232248e+00","1.844179e+01","1.485538e+01","7.765331e+01","1.685858e+01","2.888296e+02","2.755526e+05","7.921406e+02","1.320040e+02","1.208198e+02","2.395814e+00","4.857544e+00","1.100267e+02","8.952464e+01","1.731443e+01","1.197568e+01","6.847966e+01","1.907263e+01","2.778143e+01","1.364874e+05","2.924931e+02","1.636145e+02","2.693390e+01","1.609043e+01","3.547599e+01","2.969675e+00","7.846158e+00","7.489321e+00","4.437576e+01","6.957925e+04","5.697249e+00","2.595930e+03","3.455501e+02","2.687293e+00","3.042738e+02","1.557898e+01","7.952401e+00","1.503086e+05","5.727008e+01","9.361560e+01","3.382132e+00","8.119680e+01","1.007975e+02","8.869465e+00","1.922391e+01","2.703432e+03","1.575315e+01","1.124663e+02","4.398103e+01","1.617562e+00","9.096710e+00"
"11","4.693517e+01","1.473602e+00","2.207467e+01","1.821548e+01","9.321432e+01","2.023850e+01","1.964409e+02","1.725048e+03","1.673615e+05","1.568163e+02","1.494860e+02","2.865069e+00","5.768308e+00","1.301530e+02","1.078025e+02","2.049892e+01","1.432297e+01","9.335169e+01","2.308938e+01","2.008395e+01","1.378169e+05","2.012414e+02","1.841466e+02","3.123796e+01","1.990654e+01","4.307774e+01","3.538766e+00","9.326661e+00","8.957062e+00","3.150424e+01","2.830572e+03","6.836395e+00","1.855505e+03","6.728955e+02","3.117428e+00","4.795336e+02","1.867751e+01","9.422669e+00","7.969735e+03","3.634552e+01","1.265079e+02","3.983296e+00","1.067656e+02","1.209277e+02","1.060675e+01","1.419664e+01","1.776954e+05","1.859918e+01","8.103959e+02","5.068291e+01","1.933200e+00","1.057235e+01"
"12","1.543602e+05","6.496296e+01","1.009546e+03","3.351499e+03","4.266064e+03","8.569867e+02","8.991045e+02","9.451058e+02","8.488605e+02","1.191920e+07","2.517380e+05","1.263164e+02","2.242102e+02","4.233605e+03","4.903184e+03","5.927554e+02","5.948190e+02","7.852314e+03","1.895153e+04","2.269357e+02","6.838272e+03","1.343513e+03","2.607789e+03","8.983169e+02","2.293842e+04","3.054076e+03","1.368216e+02","3.277269e+02","3.891198e+02","2.470268e+02","4.515726e+03","3.129523e+02","6.164597e+03","4.454147e+04","1.109100e+02","9.195177e+03","1.148764e+03","3.941582e+02","8.050828e+03","2.296907e+02","5.879378e+04","1.380336e+02","1.854612e+04","1.711650e+04","4.479830e+02","1.116290e+02","1.575509e+04","7.239198e+02","2.632562e+03","1.085035e+03","8.093429e+01","1.209560e+03"
"13","1.015536e+05","1.164136e+01","1.776602e+02","8.341262e+02","7.585015e+02","1.584523e+02","1.370010e+02","1.028112e+02","1.196634e+02","6.753817e+04","6.065608e+06","2.263445e+01","4.288299e+01","1.851567e+03","2.504633e+03","1.701354e+02","1.530102e+02","6.145796e+03","1.287268e+03","3.945352e+01","9.346857e+02","2.248677e+02","9.102609e+02","1.795039e+02","2.941174e+03","1.161763e+03","2.640688e+01","6.812068e+01","6.983132e+01","4.236678e+01","5.665406e+02","5.586259e+01","9.205285e+02","3.078446e+04","2.099331e+01","3.738344e+03","2.351615e+02","7.080717e+01","1.407877e+03","3.722147e+01","1.429041e+05","2.619056e+01","5.951553e+04","1.488177e+03","8.351498e+01","1.976479e+01","3.405658e+03","1.315703e+02","9.832181e+02","3.263583e+02","1.508673e+01","8.039366e+01"
"15","7.994818e+01","2.169345e+03","1.010700e+03","9.137617e+01","3.376744e+05","5.203431e+02","1.788739e+01","6.217961e+00","4.734792e+00","1.828808e+02","1.271533e+02","6.596037e+05","2.791169e+02","2.696822e+02","1.166207e+02","1.058307e+02","1.591495e+02","6.769998e+01","1.126568e+02","6.420296e+00","4.277440e+01","3.311896e+01","1.456501e+02","1.902629e+02","6.209360e+01","1.911316e+02","1.173770e+02","1.139959e+02","8.259936e+02","6.714243e+00","5.224943e+01","2.054563e+02","1.154797e+02","9.200852e+01","5.175676e+01","1.431621e+02","2.294030e+02","4.631547e+03","9.555658e+01","5.206354e+00","4.955673e+01","6.000690e+01","1.169798e+02","1.597636e+03","4.034919e+02","3.339550e+00","6.482150e+01","1.967337e+03","1.748645e+01","1.395389e+02","5.501444e+01","1.447746e+01"
"16","2.040763e+01","3.334066e+00","2.860752e+02","3.169783e+01","5.339844e+03","1.064532e+03","5.972712e+00","2.195051e+00","1.680401e+00","3.993439e+01","3.594116e+01","2.002341e+00","8.428036e+05","1.101629e+02","4.163333e+01","5.595165e+01","6.189203e+01","2.179333e+01","2.396639e+01","2.068799e+00","1.510439e+01","1.078870e+01","5.518753e+01","1.141717e+02","1.494435e+01","8.164062e+01","1.830962e+04","6.055288e+01","1.493746e+04","2.211952e+00","1.828286e+01","8.032255e+01","4.066077e+01","2.835129e+01","3.711434e+01","4.988946e+01","7.167099e+01","3.193095e+04","3.377192e+01","1.674632e+00","1.439859e+01","5.487380e+01","3.426283e+01","3.341117e+02","4.127695e+04","1.218812e+00","2.182118e+01","9.296940e+04","5.820889e+00","6.637029e+01","4.619981e+03","4.411280e+00"
"17","5.668631e+03","8.815718e+01","1.343456e+03","5.468390e+03","5.625770e+03","1.637018e+03","1.423543e+03","7.084556e+02","6.467249e+02","5.403279e+03","1.092135e+04","1.714005e+02","3.627242e+02","7.046834e+06","4.374712e+05","1.191324e+05","5.770424e+03","3.661326e+04","1.719962e+03","3.738113e+02","6.091515e+03","2.243304e+03","2.390839e+05","2.286801e+04","2.743581e+03","2.514407e+05","2.285551e+02","4.196549e+03","5.493966e+02","4.528662e+02","5.260028e+03","4.456252e+02","1.409148e+04","1.057935e+04","5.710930e+02","9.625945e+04","3.440838e+03","5.850924e+02","1.816796e+04","3.526923e+02","4.359086e+03","1.332793e+03","1.941991e+04","8.818670e+03","6.530127e+02","2.520754e+02","9.575256e+03","1.193040e+03","4.658030e+03","5.140746e+05","1.476281e+02","3.898929e+02"
"18","5.223606e+02","5.533059e+00","8.474983e+01","2.695814e+02","3.570400e+02","8.410363e+01","9.046040e+01","4.873703e+01","5.134129e+01","3.916425e+02","1.048810e+03","1.075772e+01","2.227113e+01","2.242064e+05","3.906845e+06","7.455829e+02","1.845773e+02","1.309841e+05","1.140679e+02","2.328200e+01","4.478396e+02","1.436295e+02","6.579560e+04","4.767783e+02","2.004938e+02","2.192107e+03","1.363984e+01","1.057379e+02","3.445658e+01","2.853442e+01","3.387131e+02","2.653841e+01","8.404632e+02","1.022241e+03","1.590354e+01","1.259146e+05","1.348100e+02","3.578351e+01","1.353602e+03","2.308063e+01","4.161985e+02","3.131156e+01","3.585569e+03","5.262676e+02","4.084194e+01","1.485788e+01","8.265145e+02","7.062904e+01","5.459134e+02","3.997649e+03","7.795749e+00","2.579340e+01"
"19","9.628801e+01","1.432010e+00","2.431645e+01","2.256991e+02","9.254096e+01","1.594054e+02","1.476499e+01","6.422027e+00","5.625881e+00","8.112866e+01","1.521093e+02","2.779750e+00","7.725438e+00","1.009549e+05","9.709847e+02","2.041984e+06","3.242842e+03","2.579466e+02","5.769319e+01","4.458820e+00","5.013513e+01","2.537155e+01","7.830690e+02","3.205867e+04","6.668921e+01","2.369903e+04","7.793772e+00","6.555276e+04","9.538490e+00","5.198234e+00","4.881166e+01","1.744917e+01","1.230940e+02","1.064907e+02","5.993468e+01","5.120559e+02","2.872034e+02","9.530311e+00","1.393313e+02","4.050754e+00","5.062161e+01","1.745688e+04","2.783172e+02","3.941387e+02","1.859804e+01","2.666651e+00","8.056909e+01","1.885646e+01","3.541784e+01","2.840685e+04","1.184913e+01","6.320940e+00"
"20","1.924143e+02","2.369178e+00","7.981618e+01","6.099436e+03","1.878742e+02","3.200381e+03","1.749051e+01","7.757798e+00","6.404536e+00","1.724151e+02","2.235764e+02","4.600263e+00","1.651380e+01","4.274236e+03","6.715097e+02","6.862658e+03","1.748751e+06","3.629771e+02","2.901057e+02","5.286212e+00","5.655315e+01","2.978959e+01","3.051055e+02","1.027082e+03","2.946478e+02","1.719107e+05","1.253833e+01","2.499240e+04","2.419439e+01","5.979558e+00","5.726854e+01","1.431210e+02","1.248449e+02","1.362186e+02","2.686641e+01","3.212983e+02","1.078170e+05","1.536239e+01","1.245882e+02","4.763340e+00","7.242989e+01","3.305359e+02","8.733294e+02","7.802480e+03","5.269659e+01","3.023912e+00","9.203241e+01","2.865691e+01","2.799780e+01","7.408531e+02","3.085853e+01","1.046114e+01"
"21","9.657176e+02","2.637972e+00","4.059987e+01","2.309202e+02","1.698994e+02","3.653196e+01","3.928543e+01","2.392958e+01","2.495299e+01","2.478999e+02","1.702864e+03","5.128911e+00","1.043938e+01","2.025431e+04","2.161893e+05","1.132292e+02","5.812715e+01","2.322446e+06","7.388300e+01","9.623465e+00","2.120403e+02","5.920369e+01","1.195135e+03","8.355912e+01","2.030960e+02","4.165549e+03","6.325815e+00","2.873017e+01","1.635538e+01","1.149285e+01","1.569083e+02","1.254947e+01","3.070329e+02","1.698366e+03","5.238979e+00","1.092374e+05","6.071011e+01","1.640037e+01","5.673336e+02","9.809315e+00","5.872892e+02","8.288350e+00","8.573241e+04","2.558288e+02","1.947334e+01","5.741202e+00","1.478196e+04","3.188385e+01","1.198485e+04","2.730401e+02","3.489642e+00","1.523140e+01"
"22","1.646387e+04","2.728258e+00","5.216383e+01","2.599532e+04","1.840564e+02","7.130638e+01","2.365121e+01","1.022672e+01","8.038504e+00","7.677925e+03","2.545946e+03","5.304927e+00","9.478017e+00","3.768250e+02","2.303406e+02","7.806412e+01","1.632411e+02","2.684992e+02","2.683592e+06","7.284162e+00","6.952287e+01","4.113388e+01","1.387516e+02","6.206487e+01","8.442455e+04","5.219799e+02","5.725587e+00","4.767645e+01","1.730486e+01","7.932256e+00","7.602448e+01","3.447163e+01","1.453948e+02","3.251415e+02","5.450418e+00","2.503873e+02","1.009210e+03","1.662486e+01","1.357440e+02","6.732996e+00","2.608871e+02","1.022503e+01","1.701759e+03","1.460130e+05","2.101382e+01","3.747175e+00","1.388940e+02","3.022874e+01","3.744835e+01","8.769700e+01","4.428377e+00","1.393035e+01"
"23","1.764751e+01","6.639256e-01","9.771838e+00","7.827374e+00","4.030175e+01","9.367383e+00","1.878284e+03","3.896950e+01","1.876659e+01","6.254161e+01","4.939579e+01","1.290846e+00","2.708228e+00","7.318632e+01","5.390625e+01","1.144797e+01","6.936557e+00","3.267452e+01","9.762563e+00","7.933596e+05","1.917808e+02","3.604269e+04","1.364799e+02","2.040014e+01","7.878843e+00","2.035337e+01","1.661504e+00","4.775358e+00","4.000935e+00","1.090250e+05","8.245214e+02","3.053315e+00","3.937711e+03","1.150634e+02","1.805662e+00","1.718176e+02","8.475991e+00","4.806064e+00","5.590279e+02","1.076475e+03","3.548831e+01","2.174229e+00","3.553152e+01","5.322784e+01","4.780073e+00","3.618653e+03","1.811499e+02","9.616709e+00","2.993216e+01","3.571664e+01","9.225547e-01","5.184638e+00"
"24","3.752911e+02","1.200665e+01","1.798007e+02","1.489542e+02","7.588704e+02","1.651134e+02","1.784898e+03","8.800276e+04","3.326567e+05","1.262101e+03","1.189143e+03","2.334408e+01","4.720429e+01","1.072644e+03","8.879127e+02","1.700981e+02","1.176604e+02","7.366467e+02","1.871298e+02","1.776143e+02","3.287246e+06","1.786391e+03","1.568268e+03","2.593028e+02","1.613516e+02","3.535742e+02","2.888028e+01","7.627349e+01","7.286913e+01","2.843074e+02","2.668924e+04","5.569223e+01","1.674916e+04","4.633914e+03","2.570654e+01","3.905373e+03","1.521726e+02","7.698184e+01","1.355537e+05","3.287631e+02","9.546811e+02","3.266177e+01","8.449932e+02","9.843502e+02","8.643195e+01","1.291829e+02","4.204684e+05","1.518970e+02","7.112336e+04","4.217078e+02","1.580950e+01","8.610987e+01"
"25","5.305484e+02","1.908553e+01","2.818687e+02","2.215303e+02","1.168786e+03","2.629268e+02","2.085675e+05","1.237623e+03","5.548598e+02","1.898930e+03","1.501068e+03","3.710729e+01","7.764647e+01","1.999815e+03","1.480510e+03","3.038180e+02","1.907913e+02","9.632910e+02","2.839659e+02","1.793699e+04","5.785163e+03","4.093353e+06","3.461239e+03","5.204447e+02","2.293755e+02","5.659366e+02","4.689781e+01","1.279760e+02","1.153449e+02","1.961565e+05","2.525647e+04","8.792536e+01","1.448584e+05","3.755730e+03","4.705271e+01","4.773205e+03","2.420276e+02","1.333495e+02","1.632981e+04","2.068844e+05","1.177838e+03","5.682849e+01","1.074989e+03","1.538470e+03","1.372778e+02","1.013027e+04","5.497540e+03","2.697528e+02","8.850449e+02","8.832617e+02","2.567823e+01","1.519237e+02"
"26","5.227736e+02","1.866487e+01","2.827617e+02","2.883144e+02","1.162422e+03","2.910221e+02","5.644243e+02","3.589038e+02","3.638647e+02","1.322664e+03","1.241685e+03","3.628931e+01","7.774720e+01","4.022328e+04","1.287436e+05","1.305640e+03","2.845373e+02","4.567264e+03","3.108432e+02","1.248774e+02","3.513471e+03","8.013457e+02","5.839103e+06","1.651759e+03","2.513122e+02","1.552940e+03","4.743022e+01","2.038327e+02","1.158374e+02","1.650175e+02","2.601191e+03","8.922949e+01","1.091360e+04","2.172432e+03","6.130181e+01","2.778795e+05","3.042397e+02","1.277203e+02","2.033263e+04","1.269509e+02","6.728446e+02","8.492955e+01","2.100378e+03","1.613923e+03","1.378809e+02","1.010026e+02","4.135601e+03","2.632129e+02","2.650757e+03","5.119846e+04","2.770805e+01","9.790879e+01"
"27","4.062719e+02","8.145469e+00","1.377822e+02","6.688989e+02","5.128270e+02","1.134430e+03","9.928165e+01","4.434035e+01","4.001145e+01","3.837294e+02","6.720570e+02","1.580172e+01","6.441634e+01","3.020084e+04","4.789394e+03","8.114878e+04","2.255844e+03","1.148384e+03","2.021759e+02","2.938799e+01","3.712436e+02","1.614483e+02","9.647308e+03","3.788502e+06","2.515680e+02","5.479134e+03","1.192324e+02","7.607453e+03","5.942796e+01","3.398407e+01","3.560451e+02","9.547462e+01","1.061898e+03","5.544689e+02","3.885980e+04","3.482079e+03","8.909720e+02","6.496465e+01","1.108934e+03","2.451478e+01","2.324035e+02","1.962616e+04","1.124368e+03","1.577883e+03","1.515838e+02","2.403592e+01","5.278839e+02","1.324584e+02","2.332904e+02","1.531570e+05","1.317658e+02","3.592687e+01"
"28","6.092312e+04","7.130229e-01","1.150083e+01","1.678497e+04","4.742359e+01","1.370939e+01","6.462120e+00","2.830046e+00","2.229370e+00","3.757332e+03","1.683458e+03","1.386427e+00","2.551397e+00","2.586486e+02","1.378777e+02","2.160668e+01","4.401480e+01","4.383460e+02","7.223460e+04","2.090298e+00","1.940215e+01","1.155432e+01","4.143561e+01","1.632392e+01","1.548617e+06","8.563277e+02","1.544726e+00","1.017404e+01","4.372960e+00","2.246423e+00","2.084368e+01","5.213648e+00","3.986765e+01","1.162198e+02","1.373160e+00","9.091952e+01","1.464868e+02","4.341920e+00","3.836716e+01","1.864419e+00","1.057758e+02","2.426812e+00","7.357441e+04","1.789506e+03","5.118588e+00","1.060018e+00","4.115369e+01","7.966674e+00","1.263872e+01","2.522170e+01","1.015354e+00","3.735025e+00"
"29","1.062129e+03","6.502757e+00","1.124267e+02","6.424376e+04","4.284448e+02","3.603247e+02","6.031915e+01","2.690352e+01","2.281359e+01","5.085729e+02","1.100577e+03","1.264048e+01","2.804114e+01","2.215646e+05","1.979111e+04","2.722950e+04","2.090343e+05","1.658474e+04","5.364075e+02","1.870518e+01","2.024571e+02","1.040855e+02","1.669032e+03","1.573213e+03","1.175541e+03","3.534978e+06","1.924818e+01","1.266187e+04","4.214418e+01","2.071201e+01","2.043879e+02","6.293236e+01","4.297664e+02","5.653513e+02","3.950485e+01","2.342959e+03","1.544999e+04","4.085235e+01","4.686756e+02","1.669504e+01","2.957462e+02","3.225316e+02","1.644464e+04","3.304558e+03","6.321172e+01","1.026855e+01","3.599672e+02","7.782820e+01","1.497672e+02","2.592747e+03","2.056101e+01","2.875256e+01"
"30","4.999735e+00","6.549398e-01","7.361098e+01","7.834019e+00","6.081725e+02","1.575392e+03","1.653928e+00","5.825325e-01","4.455775e-01","9.464627e+00","8.857386e+00","5.173864e-01","3.786652e+04","3.725956e+01","1.320826e+01","4.587389e+01","4.060574e+01","6.067343e+00","5.304195e+00","5.734780e-01","4.034941e+00","2.980703e+00","1.860947e+01","1.612477e+02","3.540933e+00","3.070165e+01","6.240108e+05","2.208841e+02","1.783406e+02","6.179186e-01","4.950065e+00","4.132731e+01","1.138599e+01","7.138848e+00","6.516204e+03","1.451708e+01","2.213860e+01","1.056962e+03","9.375575e+00","4.617264e-01","3.513022e+00","1.698373e+03","9.036654e+00","6.702526e+01","3.635834e+03","3.560382e-01","5.696277e+00","1.087619e+04","1.609216e+00","3.082734e+01","2.793419e+04","1.150754e+00"
"31","9.127775e+01","1.565379e+00","5.169500e+01","5.894324e+02","1.165767e+02","9.769773e+03","1.285156e+01","5.344990e+00","4.552556e+00","8.234271e+01","1.257305e+02","3.037460e+00","1.944924e+01","3.478468e+03","4.928598e+02","9.393849e+04","3.644718e+04","1.776238e+02","8.239513e+01","3.443912e+00","4.065293e+01","2.098786e+01","3.850634e+02","7.619206e+03","7.967434e+01","2.485537e+04","2.221610e+01","1.220583e+06","1.808104e+01","4.346749e+00","4.234403e+01","5.849502e+01","9.649538e+01","8.571536e+01","1.413566e+02","2.881976e+02","1.710063e+03","1.118448e+01","9.410076e+01","3.350616e+00","4.272651e+01","1.808118e+04","2.577153e+02","8.992353e+02","6.360387e+01","2.319575e+00","6.304454e+01","2.261789e+01","2.210705e+01","1.669637e+03","9.987883e+03","6.906368e+00"
"32","3.618079e+02","1.989310e+01","1.210553e+05","4.663254e+02","8.446814e+05","3.671237e+03","7.951528e+01","2.871163e+01","2.143171e+01","7.877229e+02","5.819321e+02","2.876291e+01","2.303392e+04","1.238959e+03","5.262284e+02","5.062168e+02","8.155773e+02","3.135571e+02","5.009602e+02","2.824882e+01","1.928386e+02","1.463793e+02","6.158089e+02","8.121924e+02","2.873254e+02","9.553748e+02","5.331204e+02","5.672663e+02","7.613925e+05","2.958524e+01","2.337815e+02","1.599335e+03","5.058408e+02","4.223232e+02","1.814102e+02","6.378916e+02","1.198951e+03","6.428110e+03","4.252928e+02","2.313628e+01","2.256946e+02","2.604991e+02","5.452765e+02","7.341297e+03","8.029944e+04","1.429961e+01","2.970961e+02","3.501684e+03","7.843010e+01","5.900522e+02","3.468455e+02","6.335397e+01"
"33","3.078613e+01","1.126619e+00","1.662164e+01","1.328924e+01","6.869764e+01","1.579193e+01","4.082867e+03","6.798826e+01","3.215208e+01","1.080663e+02","8.567817e+01","2.190443e+00","4.589705e+00","1.205258e+02","9.022038e+01","1.874794e+01","1.158654e+01","5.671734e+01","1.666104e+01","6.034655e+04","3.305907e+02","1.894550e+05","2.202112e+02","3.259891e+01","1.353594e+01","3.432114e+01","2.781501e+00","7.845929e+00","6.803946e+00","7.047222e+05","1.464196e+03","5.188213e+00","6.819074e+03","2.040798e+02","2.880780e+00","2.887790e+02","1.434274e+01","8.004264e+00","9.598892e+02","2.625490e+03","6.430486e+01","3.485317e+00","6.233739e+01","9.070229e+01","8.105536e+00","4.819263e+04","3.142743e+02","1.610429e+01","5.175895e+01","5.599690e+01","1.539128e+00","8.683168e+00"
"34","4.750775e+02","1.631795e+01","2.432667e+02","1.941846e+02","1.015130e+03","2.237270e+02","1.162110e+04","1.600581e+04","8.366950e+02","1.683851e+03","1.437730e+03","3.172637e+01","6.515597e+01","1.597400e+03","1.223654e+03","2.435055e+02","1.607651e+02","8.658574e+02","2.474445e+02","6.474668e+02","1.099087e+04","7.640953e+03","2.487067e+03","3.902470e+02","2.063586e+02","4.774682e+02","3.959185e+01","1.059416e+02","9.894342e+01","1.060368e+03","5.010381e+06","7.534345e+01","8.948986e+05","3.602376e+03","3.719905e+01","4.038316e+03","2.065598e+02","1.069550e+02","2.809526e+05","1.566790e+03","1.098325e+03","4.607823e+01","9.945989e+02","1.329226e+03","1.173812e+02","4.507721e+02","6.257963e+03","2.204638e+02","8.690149e+02","6.438426e+02","2.163540e+01","1.218838e+02"
"35","5.371579e+01","1.755960e+00","4.269222e+04","1.100810e+02","3.450090e+03","7.647861e+04","9.437424e+00","3.331122e+00","2.502311e+00","1.016547e+02","7.604476e+01","3.350395e+00","9.050758e+01","1.610675e+02","6.460224e+01","7.551913e+01","6.401020e+02","4.070892e+01","9.715715e+01","3.364404e+00","2.232351e+01","1.743881e+01","6.541527e+01","9.332301e+01","4.895673e+01","1.866322e+02","2.871232e+01","1.851741e+02","1.349640e+03","3.496282e+00","2.780226e+01","9.911193e+05","5.805637e+01","5.076545e+01","1.470988e+01","7.319549e+01","1.574412e+03","5.508076e+01","4.784031e+01","2.762120e+00","2.772087e+01","3.722094e+01","8.039576e+01","1.828169e+05","2.681328e+03","1.667731e+00","3.472597e+01","7.860176e+01","9.124519e+00","6.596782e+01","1.864532e+02","7.593877e+00"
"36","2.074613e+03","7.245191e+01","1.076997e+03","8.646500e+02","4.493043e+03","9.920563e+02","6.251257e+05","8.162747e+03","2.590659e+03","7.362133e+03","6.171842e+03","1.408655e+02","2.921725e+02","7.386935e+03","5.613245e+03","1.109652e+03","7.255828e+02","3.804988e+03","1.097260e+03","3.618917e+03","3.088308e+04","9.784033e+04","1.762818e+04","1.798834e+03","9.069574e+02","2.143924e+03","1.765614e+02","4.822568e+02","4.390517e+02","1.012495e+04","1.141982e+06","3.350457e+02","1.097717e+07","1.512866e+04","1.700402e+02","4.816432e+04","9.247708e+02","4.802721e+02","3.414762e+05","1.055367e+04","4.683104e+03","2.100968e+02","4.309260e+03","5.890749e+03","5.219220e+02","5.878458e+04","2.322012e+04","9.883420e+02","4.444811e+03","3.029783e+03","9.653704e+01","5.469664e+02"
"37","1.723655e+03","1.169482e+01","1.765078e+02","1.668619e+02","7.532212e+02","1.574112e+02","3.634507e+02","8.830880e+02","1.218482e+03","3.101035e+03","2.975342e+04","2.273780e+01","4.489005e+01","9.274382e+02","1.320317e+03","1.387520e+02","1.125174e+02","4.511902e+03","2.246830e+02","6.268238e+01","8.769185e+03","4.666351e+02","1.017427e+03","2.036489e+02","2.688485e+02","3.633645e+02","2.720664e+01","6.803231e+01","7.013408e+01","8.033097e+01","2.685492e+03","5.488037e+01","2.831025e+03","6.006935e+06","2.180522e+01","5.201830e+03","1.510256e+02","7.176987e+01","6.488258e+03","8.263306e+01","2.614549e+05","2.717487e+01","4.985532e+04","1.002319e+03","8.402381e+01","3.590443e+01","1.326883e+05","1.385809e+02","5.074452e+03","2.906323e+02","1.504212e+01","8.497525e+01"
"38","6.984181e+00","2.083178e-01","7.690572e+00","1.616040e+01","2.202372e+01","3.214210e+02","1.737367e+00","6.771729e-01","6.530029e-01","7.082258e+00","1.146135e+01","3.940344e-01","3.669346e+01","4.262411e+02","6.813351e+01","8.372936e+02","1.256947e+02","1.809805e+01","4.638885e+00","5.518352e-01","6.086720e+00","2.953875e+00","1.527993e+02","8.219794e+04","5.014504e+00","1.573260e+02","6.324210e+03","6.484618e+02","5.195323e+00","6.351777e-01","5.752221e+00","8.167057e+00","1.811173e+01","8.574499e+00","4.672590e+05","5.288695e+01","3.147899e+01","6.638359e+00","1.811435e+01","4.492207e-01","3.731068e+00","1.810091e+04","1.939877e+01","5.120294e+01","4.300401e+01","4.747891e-01","8.352633e+00","2.380068e+01","3.590464e+00","9.848155e+02","5.167143e+02","8.926428e-01"
"39","7.578316e+02","1.710174e+01","2.613927e+02","2.956199e+02","1.077317e+03","2.410314e+02","4.856805e+02","3.937962e+02","5.439917e+02","1.346192e+03","2.082590e+03","3.325026e+01","6.919125e+01","1.276082e+04","1.371008e+05","4.689404e+02","2.273258e+02","2.047301e+05","2.918703e+02","1.067999e+02","5.386233e+03","7.032868e+02","1.984400e+05","5.150904e+02","2.821425e+02","1.189670e+03","4.221498e+01","1.431039e+02","1.056687e+02","1.384188e+02","2.377870e+03","8.115693e+01","1.060433e+04","4.226619e+03","4.132517e+01","7.075018e+06","2.603187e+02","1.100901e+02","1.162970e+05","1.155284e+02","1.196772e+03","5.691556e+01","5.101196e+03","1.443222e+03","1.261416e+02","7.433825e+01","7.898698e+03","2.209933e+02","8.677457e+04","2.309284e+03","2.320200e+01","1.047352e+02"
"40","4.918246e+02","3.776691e+00","1.861985e+02","6.267035e+04","3.465292e+02","1.212347e+03","2.364015e+01","1.007787e+01","8.408843e+00","3.718419e+02","4.376393e+02","7.339616e+00","2.425275e+01","1.452742e+03","4.912008e+02","7.469834e+02","5.743895e+04","3.646771e+02","1.597573e+03","7.582046e+00","7.380295e+01","4.182776e+01","2.812629e+02","3.356926e+02","7.657493e+02","2.165283e+04","1.616376e+01","1.096922e+03","4.612559e+01","8.328657e+00","7.779800e+01","3.995714e+02","1.611349e+02","2.125477e+02","2.322886e+01","3.544328e+02","2.270441e+06","2.424817e+01","1.580575e+02","6.705661e+00","1.246234e+02","9.418211e+01","1.156112e+03","1.300238e+05","8.638358e+01","4.032808e+00","1.267316e+02","4.403343e+01","3.943206e+01","3.100170e+02","3.133041e+01","1.669327e+01"
"41","9.201159e+01","5.531150e+01","1.157117e+03","1.382325e+02","4.951381e+04","9.588844e+02","2.825925e+01","1.013610e+01","7.766776e+00","1.775742e+02","1.626044e+02","9.884253e+00","1.999691e+04","5.017595e+02","1.898374e+02","2.585143e+02","2.727159e+02","9.830938e+01","1.067276e+02","9.668171e+00","7.000517e+01","5.035607e+01","2.615000e+02","5.419250e+02","6.658476e+01","3.652732e+02","1.820318e+03","2.192724e+02","5.301281e+03","1.049514e+01","8.535820e+01","2.664538e+02","1.925606e+02","1.282932e+02","1.035617e+02","2.300323e+02","3.194366e+02","2.170525e+06","1.584876e+02","7.758018e+00","6.512582e+01","1.190045e+02","1.528218e+02","1.535833e+03","2.443001e+03","6.048776e+00","9.984356e+01","3.631097e+05","2.693544e+01","3.178315e+02","2.284728e+02","2.034479e+01"
"42","6.467260e+02","2.206920e+01","3.299880e+02","2.777078e+02","1.380659e+03","3.055597e+02","5.026887e+03","4.775027e+04","4.099567e+03","2.165890e+03","1.906180e+03","4.290831e+01","8.737611e+01","2.332015e+03","2.296374e+03","3.424447e+02","2.271885e+02","1.794949e+03","3.407186e+02","4.951878e+02","2.029681e+05","4.858471e+03","8.336252e+03","5.397657e+02","2.891924e+02","6.774576e+02","5.363987e+01","1.487659e+02","1.340346e+02","7.724403e+02","4.494180e+05","1.027926e+02","1.749680e+05","4.981373e+03","4.990190e+01","2.444848e+05","2.850601e+02","1.436618e+02","7.502067e+06","9.242492e+02","1.404849e+03","6.331848e+01","1.466560e+03","1.801178e+03","1.597501e+02","3.590421e+02","2.937898e+04","2.911852e+02","1.013465e+05","8.958268e+02","2.940192e+01","1.575276e+02"
"44","3.987677e+01","1.417590e+00","2.095134e+01","1.637562e+01","8.712638e+01","1.935321e+01","4.819708e+04","9.522760e+01","4.289806e+01","1.444106e+02","1.153504e+02","2.756166e+00","5.757204e+00","1.459481e+02","1.079393e+02","2.188009e+01","1.401806e+01","7.180234e+01","2.119479e+01","3.903396e+02","4.446528e+02","2.142320e+05","2.418319e+02","3.676779e+01","1.714930e+01","4.132304e+01","3.468591e+00","9.359338e+00","8.581057e+00","2.180248e+03","1.966352e+03","6.533412e+00","9.411831e+03","2.944979e+02","3.424668e+00","3.502415e+02","1.795246e+01","9.716607e+00","1.236985e+03","4.628255e+05","9.103696e+01","4.119818e+00","8.098179e+01","1.144858e+02","1.019382e+01","2.409919e+02","4.196083e+02","1.989001e+01","6.647945e+01","6.277796e+01","1.892879e+00","1.137472e+01"
"45","1.561434e+03","3.685349e+00","5.587216e+01","7.787892e+01","2.390731e+02","4.964516e+01","7.138301e+01","8.598390e+01","1.029388e+02","5.349747e+03","1.639471e+05","7.165361e+00","1.389494e+01","3.393003e+02","5.080252e+02","4.297839e+01","3.553138e+01","1.397233e+03","1.149906e+02","1.572762e+01","7.727173e+02","1.073315e+02","2.821824e+02","5.676333e+01","1.955931e+02","1.520184e+02","8.432623e+00","1.989630e+01","2.210624e+01","1.930491e+01","3.671779e+02","1.740090e+01","5.039761e+02","3.240211e+05","6.687342e+00","1.263911e+03","4.898644e+01","2.239307e+01","8.322981e+02","1.823506e+01","2.574233e+06","8.285005e+00","8.386511e+03","3.346026e+02","2.638256e+01","8.821050e+00","3.755384e+03","4.241601e+01","6.032470e+02","8.806440e+01","4.728471e+00","2.670137e+01"
"46","8.938020e+00","2.145860e-01","1.268652e+01","2.826202e+01","2.438067e+01","3.833865e+03","1.729517e+00","6.887701e-01","5.842696e-01","8.426181e+00","1.421796e+01","4.129219e-01","3.044238e+01","4.042348e+02","6.495334e+01","2.697506e+04","3.421772e+02","2.008097e+01","7.387282e+00","4.922220e-01","5.273226e+00","2.879194e+00","8.148816e+01","3.638585e+04","6.990186e+00","3.588162e+02","1.010354e+03","2.162280e+04","6.781680e+00","6.040509e-01","5.605680e+00","1.720984e+01","1.434122e+01","9.948657e+00","1.549215e+04","4.352969e+01","6.513492e+01","4.241419e+00","1.431922e+01","4.528275e-01","4.747763e+00","5.176052e+05","2.445958e+01","8.812887e+01","6.629457e+01","3.440233e-01","7.871955e+00","1.106809e+01","3.217844e+00","5.255468e+02","1.291131e+04","9.376052e-01"
"47","7.222026e+04","6.434935e+00","9.981863e+01","1.001044e+05","4.229779e+02","1.034079e+02","6.832709e+01","4.018806e+01","4.194455e+01","1.387978e+03","1.048234e+05","1.251174e+01","2.455263e+01","8.341450e+03","8.583025e+03","2.790877e+02","4.606791e+02","1.248187e+05","2.589731e+03","2.065134e+01","3.458003e+02","1.155612e+02","7.792039e+02","1.605476e+02","1.561286e+05","2.831609e+04","1.492755e+01","9.147294e+01","3.926979e+01","2.241568e+01","2.490169e+02","3.471402e+01","4.629479e+02","5.573509e+04","1.263411e+01","3.688254e+03","1.024596e+03","3.944940e+01","6.719757e+02","1.885173e+01","9.561300e+03","2.107350e+01","3.549091e+06","2.391575e+03","4.733005e+01","1.066510e+01","2.564102e+04","7.384243e+01","1.096061e+03","3.603000e+02","8.825789e+00","3.479118e+01"
"48","3.457492e+04","1.310848e+02","7.035786e+04","6.552190e+04","1.553614e+04","2.063147e+04","8.318979e+02","3.474387e+02","2.690764e+02","3.774383e+04","3.386907e+04","2.548926e+02","6.410855e+02","2.365490e+04","1.171657e+04","7.615974e+03","2.719725e+04","1.130144e+04","1.977758e+05","2.677330e+02","2.388929e+03","1.467762e+03","6.093712e+03","4.750772e+03","3.675775e+04","4.270691e+04","3.656242e+02","7.100573e+03","1.991407e+03","2.872378e+02","2.624516e+03","2.432914e+05","5.186295e+03","8.891052e+03","3.870928e+02","9.644048e+03","2.161073e+05","8.661157e+02","4.801781e+03","2.372240e+02","6.721057e+03","1.144186e+03","3.414890e+04","1.664771e+07","2.477189e+03","1.375009e+02","4.293832e+03","1.531509e+03","1.204847e+03","5.228181e+03","5.734242e+02","5.798013e+02"
"49","1.294422e+02","7.153142e+00","3.385933e+04","1.957291e+02","2.950078e+04","8.036470e+04","3.350605e+01","1.232013e+01","9.453744e+00","2.668626e+02","2.194352e+02","1.167047e+01","8.438703e+04","5.554839e+02","2.281701e+02","2.931413e+02","3.913359e+02","1.273961e+02","1.630864e+02","1.151205e+01","8.528746e+01","6.010785e+01","2.812335e+02","5.169450e+02","9.645746e+01","4.726965e+02","6.324507e+03","5.236658e+02","6.580171e+04","1.224012e+01","1.002703e+02","5.929014e+03","2.210948e+02","1.709045e+02","1.122511e+02","2.755883e+02","4.747562e+02","2.141373e+03","1.862660e+02","9.471307e+00","8.869700e+01","3.823222e+02","2.066535e+02","2.289690e+03","1.633154e+06","6.141987e+00","1.269289e+02","1.971702e+03","3.288501e+01","2.977064e+02","2.314819e+04","2.571207e+01"
"50","4.265079e+00","1.633084e-01","2.404445e+00","2.032498e+00","9.915879e+00","2.353929e+00","5.307041e+02","8.867621e+00","4.560744e+00","1.459717e+01","1.164976e+01","3.175143e-01","6.661514e-01","1.923065e+01","1.413828e+01","2.988047e+00","1.816116e+00","8.040241e+00","2.406614e+00","2.231138e+03","4.554008e+01","6.648573e+03","3.646636e+01","5.226894e+00","1.988216e+00","5.207784e+00","4.131538e-01","1.267214e+00","9.839620e-01","3.247471e+04","2.126290e+02","7.549185e-01","4.621799e+04","2.513009e+01","4.701106e-01","4.488027e+01","2.135231e+00","1.181683e+00","1.539090e+02","1.492625e+02","7.534877e+00","5.722950e-01","8.635959e+00","1.311810e+01","1.179158e+00","3.876789e+05","4.035382e+01","2.362429e+00","7.408467e+00","9.525522e+00","2.312672e-01","1.179390e+00"
"51","3.025484e+02","8.822403e+00","1.322973e+02","1.095425e+02","5.592300e+02","1.202289e+02","9.479520e+02","8.033555e+03","1.673159e+05","9.983669e+02","1.100965e+03","1.715307e+01","3.444625e+01","7.519785e+02","6.499740e+02","1.189948e+02","8.587238e+01","1.292790e+04","1.420138e+02","1.030962e+02","3.568368e+05","9.933848e+02","1.052531e+03","1.817036e+02","1.206909e+02","2.541569e+02","2.107790e+01","5.525956e+01","5.361287e+01","1.567311e+02","1.260377e+04","4.098045e+01","8.952980e+03","1.149578e+05","1.814696e+01","3.267887e+03","1.119245e+02","5.609275e+01","3.786215e+04","1.917853e+02","1.499699e+03","2.339187e+01","2.586486e+04","7.264639e+02","6.349894e+01","7.142173e+01","5.195422e+06","1.105688e+02","6.545860e+04","2.857134e+02","1.153736e+01","6.408261e+01"
"53","4.246785e+02","4.336006e+02","5.335190e+03","6.471214e+02","1.357939e+05","6.216228e+03","1.404448e+02","4.896607e+01","3.735832e+01","8.095612e+02","7.532404e+02","4.506898e+01","1.346806e+05","2.705667e+03","9.993849e+02","1.295539e+03","1.271018e+03","4.765870e+02","4.710799e+02","4.901322e+01","3.397260e+02","2.523010e+02","1.402413e+03","2.761612e+03","3.009491e+02","1.796006e+03","2.763076e+04","1.107067e+03","1.783489e+04","5.281132e+01","4.186067e+02","1.269214e+03","9.649227e+02","6.010498e+02","8.248056e+02","1.150915e+03","1.446153e+03","3.782487e+05","7.856232e+02","3.900339e+01","2.986243e+02","7.614898e+02","7.332098e+02","6.449470e+03","1.840444e+04","3.131976e+01","4.779931e+02","4.074771e+06","1.328545e+02","1.769225e+03","2.216974e+03","9.759619e+01"
"54","1.459950e+01","3.240411e-01","4.864914e+00","4.707625e+00","2.056890e+01","4.469422e+00","1.387445e+01","4.115528e+01","1.884681e+02","3.104981e+01","6.254536e+01","6.300209e-01","1.270937e+00","4.524982e+01","1.346639e+02","5.155315e+00","3.478624e+00","2.038948e+04","5.403496e+00","2.327925e+00","3.092964e+04","1.737680e+01","1.175877e+02","7.264778e+00","5.046079e+00","1.179351e+01","7.812647e-01","2.170285e+00","1.970536e+00","3.133536e+00","1.196783e+02","1.535122e+00","1.495725e+02","1.600176e+03","6.668371e-01","7.830854e+04","4.300517e+00","2.051273e+00","3.964076e+04","2.970430e+00","8.410603e+01","8.826964e-01","7.190458e+02","2.667319e+01","2.367931e+00","1.532220e+00","5.989465e+04","4.039908e+00","8.695100e+05","1.295419e+01","4.301817e-01","2.211302e+00"
"55","2.894894e+02","5.569195e+00","8.425382e+01","3.035307e+02","3.491113e+02","1.333358e+02","9.568649e+01","4.614570e+01","4.609697e+01","3.228138e+02","5.410277e+02","1.082357e+01","2.400584e+01","3.632885e+05","9.488671e+03","2.776126e+04","4.309523e+02","1.065657e+03","9.701507e+01","2.556525e+01","4.250441e+02","1.528079e+02","3.560759e+04","1.104006e+05","1.454148e+02","1.889266e+03","1.693049e+01","4.200613e+02","3.480556e+01","3.200014e+01","3.560481e+02","2.980794e+01","1.044934e+03","5.704870e+02","1.014910e+02","4.530293e+03","2.467329e+02","3.929096e+01","1.229372e+03","2.413851e+01","2.204790e+02","1.964596e+02","9.399114e+02","5.594116e+02","4.428260e+01","1.873024e+01","5.947919e+02","7.969958e+01","2.636048e+02","3.684873e+06","1.272713e+01","2.461864e+01"
"56","1.852577e+00","9.814886e-02","7.138371e+01","7.380558e+00","9.682804e+01","6.174446e+04","5.311133e-01","1.972640e-01","1.497420e-01","3.622270e+00","3.241689e+00","1.750352e-01","2.030959e+04","1.786265e+01","4.243534e+00","5.041679e+01","1.134774e+02","2.081737e+00","2.297115e+00","1.813270e-01","1.345769e+00","9.569911e-01","5.083160e+00","8.680441e+01","1.404564e+00","4.095754e+01","1.731275e+04","5.288655e+03","6.630451e+01","1.954009e-01","1.619943e+00","1.002058e+02","3.553744e+00","2.582007e+00","2.074319e+02","4.518524e+00","5.221778e+01","2.534896e+01","2.986704e+00","1.503723e-01","1.310669e+00","1.057745e+04","3.357791e+00","7.372117e+01","1.798359e+04","1.005346e-01","1.972533e+00","5.780588e+01","5.213716e-01","1.425955e+01","3.000513e+05","3.961782e-01"
"72","7.171237e+01","6.810494e-01","1.057183e+01","9.500294e+00","4.460352e+01","8.952673e+00","3.412965e+01","3.593806e+01","2.072409e+01","2.850965e+04","5.769349e+02","1.324258e+00","2.393867e+00","3.374490e+01","2.536787e+01","5.919563e+00","5.275910e+00","2.530361e+01","2.313450e+01","6.904133e+00","1.700652e+02","5.518519e+01","3.201555e+01","9.521310e+00","1.698241e+01","1.585638e+01","1.480634e+00","3.320838e+00","4.076677e+00","8.585875e+00","1.690544e+02","3.228918e+00","2.156295e+02","9.165349e+02","1.195534e+00","5.585004e+01","7.801675e+00","4.131349e+00","1.493541e+02","1.037063e+01","5.477430e+02","1.447575e+00","5.586814e+01","7.111606e+01","4.692680e+00","3.049497e+00","4.321187e+02","7.630430e+00","1.686961e+01","1.218771e+01","8.514315e-01","1.506786e+06"
