origin,01,02,04,05,06,08,09,10,11,12,13,15,16,17,18,19,20,21,22,23,24,25,26,27,28,29,30,31,32,33,34,35,36,37,38,39,40,41,42,44,45,46,47,48,49,50,51,53,54,55,56,72
01,10091586.805561297,96.66157978824543,3158.5265323474123,12496.939741160815,9120.331823898845,3693.296878738209,2951.740410126522,1440.8457257866526,1156.5122059886899,63424.59087365295,95650.07753380189,132.2908068634477,748.2729406120895,23727.27354666444,15039.207059119839,4115.281868719432,3694.761116457809,18515.812637850206,20318.18900847786,847.5004468149021,7895.227763290032,4806.237483227152,9935.902726921708,4223.687723638657,39199.49885407628,13604.22838529116,522.7430121887564,1877.9624227393545,1128.1459511655266,1050.086924680386,8625.388744740476,1526.7792023179804,14284.777208189438,24848.102111590564,531.2427141435641,19706.2632885107,6411.795531376397,1169.3235745968057,13931.559644399444,945.4267108912103,20748.950727463132,758.3299423009263,56387.51865016563,30755.76618254096,1548.043488913296,547.8246519607969,15522.373919544323,1919.3468657109663,4031.650777449662,5823.16704311911,371.0072812077649,1231.6210158880135
02,1057.294391647285,1448816.0271767364,2307.601513601239,774.2970671637827,12839.934023271036,1958.9013713446875,765.5456862149836,248.39667954559712,175.1360309599961,3374.9604563996677,1981.6529379809856,469.15947222231074,1095.7086673745468,2914.1227235759998,1616.869879770993,992.637902422404,911.5799029388669,1038.9864299268622,993.4827047588236,337.18735844550235,1238.3265585098159,1373.2159321849392,2482.5185730094886,1892.7330147525697,675.8758491594318,1580.6218506959674,657.174805239337,720.7066741175975,1442.7455148634747,339.123751070183,1764.0261102116049,691.4172646726931,3671.3749936660124,1961.5612677268616,384.0738920235648,2485.4423617375064,1098.68328065602,2461.141557400163,2526.61828885431,261.35730238578594,1038.7364195120774,402.21526785819185,1517.3475642943388,6042.0025612728095,1383.3026867263325,175.37204009009815,1675.9528768331984,4955.546449768671,430.51533002145726,1706.1386014831626,301.6441989544467,403.237265728385
04,7686.802389173746,513.4284882621482,14680341.162553452,7434.7558648939485,250092.7227067248,48309.70370089444,2989.252097938274,1096.340726644351,806.331322320268,20766.33699582415,12471.942657982108,833.462278397419,9507.476550906133,19882.349597769957,9826.281485499867,7399.181400821122,11730.117398006665,6514.9024283699355,9557.651067243623,1126.4765898191292,5646.247246285225,5182.553462896151,12212.598664761654,10672.657554443487,5668.206330396749,13647.329981932588,4163.975674360899,7840.298223275099,30622.63866986055,1231.801968279197,7435.724960576242,36309.84485404124,14752.17745900774,10302.277604780431,2231.392095644489,13156.954439633582,15209.216647351652,15234.48744837302,11345.202233950564,994.213514049592,5870.31244035289,3246.52408522562,10331.626836487101,103289.35377200747,47165.03999306592,644.0631330659244,8363.178883587998,18837.00019643438,2219.3157367943586,9488.021423851229,3827.070391109017,1609.0335942702854
05,13688.412100740028,77.5380670585731,3346.223315606606,6060189.42943328,8783.312460901725,4604.261071846856,1600.7643976254146,692.6628711869362,546.287562000823,16638.9452253328,14081.456727982826,104.61522149191124,743.8779757851627,25009.382290347225,10905.497896918512,5228.342789852865,6604.986834914905,8855.39050187996,19006.517500163212,505.616212188327,3765.963413699643,2661.4180061743687,7683.618727884378,4296.478432042111,17638.60227682646,29253.76032293075,524.7535054750367,2536.9062291991604,1124.4629568278278,605.2234859639033,4407.2776272042365,1860.4258769168637,8179.564967996731,8568.685856717459,547.9872454949061,11287.406552185621,15301.426008438213,1104.6182159679702,7397.695433337951,514.7497974875373,5448.955868857421,875.3902990675573,18793.10347553207,43946.16260305413,1662.5397579710343,320.17379204209504,6492.3231199177735,1780.7364147838891,1854.0065233840842,5525.94174874512,410.52486687206203,633.2972596086015
06,40876.385168318324,5261.17315702697,460576.4317926607,35939.39651124621,76974276.34957278,183099.51241966189,19261.731569015526,6827.661730917422,4966.302844517307,116732.47699014195,69579.36572772951,8342.190944170661,112117.88196415082,110687.16614694861,56385.95702603623,41282.73605320673,52818.09524064373,36691.24889560864,45822.7066474386,7557.898633782911,34871.57552758632,33692.05187513041,75729.35738037797,67470.9800250491,28655.15608700763,69938.97401824019,36058.75978405558,40358.75084827943,761817.9013569101,8096.447216160385,46932.54944231484,73092.10796095259,94699.11802685448,60907.09720309143,15246.034090994917,78428.00378369832,63840.03375972057,286387.50560833275,70603.79523691474,6445.920917029664,33904.6839660787,19532.979418373812,56447.64537031548,386048.91054295405,259750.74352457962,4226.875460778315,50294.981913561955,263226.2760787729,13256.711521264899,57901.08109403341,24514.913099884147,10337.95111575887
08,7473.07713473837,362.37295410883365,40165.986015663795,8505.420532288257,82662.89110110315,11610997.959512545,2853.2823694289336,1054.0644488628861,786.9570239000927,17933.91646238676,11756.433090597036,467.1634878297968,8566.604662548501,24757.462853442456,11269.42668344211,11179.206928564961,24046.20760858288,7015.101022611318,8935.24242080208,1059.3360480618917,5502.703569912638,4922.455660393996,14120.57109562248,15172.357391857528,5639.950285482136,18387.537980032102,5272.836554765174,19683.9394843264,13379.948123266144,1175.089961018136,7161.036232776065,23820.980410162265,14583.166090099508,9883.908439278921,3406.8326508164837,14123.261991318675,21388.32375790306,9846.37739667839,11374.045271650139,939.4526083854345,5558.827242670003,6378.416958112022,10897.26861131983,89592.09021859577,35478.667847459095,621.3844500377251,8198.463218104955,14221.249699681515,2257.245583095429,12285.531060024421,8591.847526164069,1247.0485081128852
09,1498.356085789978,35.52760642262824,623.5025455259741,741.847941688153,2181.576055278034,715.8077269085425,7145595.429978809,3354.0798797020907,1628.4929489115675,5041.197321212702,3682.6074010866014,39.75513496206607,198.6003952223417,4080.1735339592074,3192.906081789248,881.3686596991031,556.3790308883015,2170.7079193857157,895.232838878269,2801.9370772971483,12583.213621098732,133182.017948162,5007.014446932122,1365.4531532022907,761.705874101833,1584.7350206935791,148.6408865757515,380.11677621027115,269.7525461945527,8381.232224031415,50884.2612027958,255.82655562002006,75556.56456840846,7132.10423631436,161.6056022663012,8183.287677710102,717.436402832646,319.9229070241332,25719.048417480888,28777.495997840295,2683.193395375291,191.38180096271992,2615.198296631858,3379.200850282867,343.3239282120858,3637.239539851778,8645.709067427482,564.3237607592414,1879.6251290475082,1986.0383038124355,88.85631669539475,447.09291637654763
10,581.4583838323293,9.164418231310474,181.7964987259978,255.19588505749508,614.7680763307112,210.22437704268222,2666.4760086482274,2038459.9666261289,3117.440648667584,1941.0427115942957,1569.6664108216871,10.77127525371795,54.92866858082652,1385.6552088965466,1171.1196693751976,268.84921553444696,172.01718006654733,898.5902580270626,309.83508704184663,309.42449044949217,29317.147602676858,3286.124907455769,1428.6702987716903,378.42949529384947,276.6236157291389,526.8896865789493,40.66952160322386,112.43313628958938,76.02946341352056,535.0393868933525,25132.421475376785,76.62931348499623,9276.604059164229,4364.352771123046,44.190137589458274,3364.6367535257655,229.018026915589,87.85002290802272,12512.028428812122,705.8053560944334,1322.3590895869474,54.4435248778724,1051.620126093447,1072.2595915934855,98.19240699763037,271.5923917480548,7075.070894895982,152.7296287175175,1102.7654270380665,571.2538011136736,25.16139654532339,132.15191615008357
11,149.77264091945943,2.0735558171293533,42.90763824689071,64.58834905646893,143.5005689532367,50.36722652096872,415.46196826793823,1000.412953940523,1341283.7031661086,467.2998375592121,407.23243202535883,2.4465680871639375,12.872944763124954,366.2341261091284,325.7506319906534,67.488388043046,42.31078228771996,256.130045241292,76.69362148082367,59.40298439930186,58416.32637302994,548.1136490802525,366.67892357882494,92.0872449864784,70.13248464407849,134.75181688811546,9.565888551977546,27.389941755640535,17.814075197858024,97.79905453164787,2630.5089592563613,18.29889548538904,1879.202467070337,1277.0288310097365,10.54328253574286,1034.570697849829,56.41518062996287,20.441486103872084,3902.5081278899165,112.41869957947671,354.4173307931782,13.140542000033571,286.2736049253341,259.5067941981868,23.197369393866317,51.4150428682534,2945.2869421201544,35.44986283297709,419.5417071186544,143.1872232893576,5.978897413958373,28.3939226948427
12,145205.6811925395,706.4030781048351,19535.505095799977,34777.81799614273,59628.76189037282,20291.578411303013,22736.455207410305,11011.839471161584,8261.126970572288,44666640.59866124,465242.9951555965,1013.5968694010716,4663.838940214828,90523.50211391768,60037.49034921714,18629.156479366062,16783.003147188123,60086.27047074572,67689.27084282645,6542.774971516151,56860.31549806141,37291.85407798233,52444.52532952837,22479.0134424934,57397.723551858915,47958.46582896241,3166.553916284268,9390.99453225711,7157.171221656945,7978.340055145179,65256.61918677649,8680.366355512388,99723.04209810605,183358.52315943222,3006.0678600834763,97314.8632220229,27256.976868222875,7611.2599414646165,91474.62981135445,7468.371983904659,158482.28854462886,4046.086635261223,113341.56081217661,156314.7999741379,9331.28786614849,4050.2395489880064,104338.08250823023,12535.22978997815,22589.894668493474,29290.64521082286,2139.2178856979895,15746.147736735176
13,106225.0092823076,201.19955092040254,5691.33788522998,14277.088132746612,17240.905583916323,6452.555992899346,8056.752040807217,4319.641072666747,3492.219574367212,225681.1884663439,21787823.995127384,271.3767338746555,1422.241008420141,41443.648218864924,29931.821395839484,7254.6758984745,5922.197300358321,38144.22172753395,21972.76917836247,2158.579482799357,23678.06416965216,12917.870991267724,21306.602085721726,8135.092962505468,25461.893696389445,20254.233223906154,998.8233587517095,3262.48343786789,2116.0204779607197,2741.894042395031,24613.306017462168,2611.691711818281,37361.772158115135,103829.27385311085,1015.3512201698351,47693.830228393905,9429.548670695573,2257.1471422658215,38073.71086146903,2573.2063888333737,138405.2261124677,1389.6727701079274,83565.83866191912,46818.22022700005,2830.465183810866,1416.465095049657,51483.233584909525,3750.6142473753457,11724.5557485595,11434.633258378364,681.2630237118531,3205.4539796249956
15,2219.7837705251095,719.7131797929604,5746.531192182442,1602.604986063984,31231.963572532488,3874.0449262007655,1314.1270759284223,447.86484749058434,316.9976524868413,7428.828508508434,4100.267269699765,2835061.25612603,1759.4837090668043,5268.602935716373,2916.292967248943,1713.633260330737,1768.689330150024,1968.6171896168266,2229.322002114326,542.8153876011199,2235.069296492847,2330.5551284215508,4035.469628591007,2887.398051625982,1443.1050148493705,3007.33632626509,931.4083188665128,1277.4966561979277,3042.077329284422,561.3961460607898,3110.632900600047,1608.0621421270753,6157.997695462321,3792.1932922223627,554.2687559817483,4418.447645746542,2302.502744130582,4066.054868904312,4412.245017613644,447.9753739838439,2078.4634773310854,646.2609446963693,2988.458424291636,14277.047547873059,2807.8415277085846,288.1994885534905,3122.3963835860777,6528.338105660999,788.3494048272097,2744.2705624963387,513.6173850559805,916.6882081306801
16,1532.0932019880227,205.1059232426993,7998.880730004908,1390.5206732928164,51219.83638292388,8668.593234043858,801.0661462365898,278.69107654513226,203.5264155459176,4171.024639346767,2622.14612886662,214.69868714888935,3881242.4738969146,4923.679769832208,2450.3002493961353,2046.316878389454,2358.690687298814,1511.2367793340889,1611.07808926192,319.97944877675496,1430.2758372616577,1404.5442999706602,3558.268475367832,3828.9129923211517,1061.6924046553565,3020.8744157598844,5686.837416520283,2212.9670766015092,10834.052854690815,341.72202976664164,1936.7312532115245,2118.0453684052936,4046.4109047683264,2399.1010660698707,1096.1624430964355,3364.207002339329,2465.963911202108,19125.831592911447,2977.623388897107,266.95928392031186,1305.4941696869716,1276.994316678711,2250.8129564360233,12360.944278244813,10684.136278415928,180.0048863972869,2034.321648587403,25294.11736414016,548.135298211502,2907.2628667606573,2393.2534781533927,358.73451941034006
17,25698.56865781516,288.5538647630472,8848.458464459318,24729.461939472512,26748.3207982959,13252.017110216222,8705.68315841584,3718.9053235164133,3062.9340137967024,42824.9151340944,40418.26110492678,340.07566876752753,2604.508335756122,24791439.610916175,221168.6896278315,48875.16770788339,16863.692409475098,63347.92483713938,16850.22677701447,2667.991057728889,21092.16188664118,14321.84190246866,84894.61620137384,30168.8602469132,16379.81163092823,125243.05718739776,2051.8391211137814,9923.043247434813,3506.5783066489716,3311.449570773996,24284.697237999742,4286.444328267652,50005.7341311965,38613.57572194373,2729.4221970509625,106375.49546083245,19530.174627823213,3775.4185742645263,47497.12521378409,2721.7403657047694,20394.73953312333,4107.938977893007,70310.45883403305,62295.844469542375,5056.410264582257,1809.6439154858558,34887.785030174,6421.844567776767,12003.592483815339,62083.69680804662,1452.4927758742408,2094.780718195369
18,11857.211928461766,116.5442025346345,3183.359284822523,7849.712414874039,9918.974100783458,4391.109024177815,4959.146206529734,2288.0091894039388,1983.173193777312,20675.415178186493,21249.530421642638,137.0275167948557,943.5215035905971,160997.89233446267,13556016.575915895,10791.539386265658,4779.331794178802,54580.19051609918,6426.941452189603,1392.6484301537428,13542.14476496276,7979.740707630773,44472.374308258186,9814.01090901718,6522.0464613045015,24583.71114164844,732.5367561923531,2922.021425961913,1278.9264403729999,1807.7871311804624,14599.667375554607,1482.771099036679,29486.619931404864,24178.966677837387,929.166315694424,114179.76972794259,5961.041218244464,1405.5986195181408,31578.39814181764,1518.6480050751375,11845.071861426624,1293.9917459162853,38341.73209035639,21763.1872142584,1785.399216426795,995.3831781998327,23564.3117539992,2408.1311931007335,9450.634280264536,20449.686525219433,495.74764021573696,981.6889778608547
19,4758.299170553468,104.93031380511103,3515.3991638419793,5519.081602475025,10650.225099512718,6388.19120468181,2007.5801164689587,770.2997850408909,602.5581230875384,9408.478871245756,7553.160638067882,118.08345012440371,1155.579685432388,52177.0258529977,15826.246070655756,6335316.038346976,9030.87038154274,7077.939737891162,4063.337038112029,690.6082344303978,4193.265634191277,3394.9034529696073,19667.86773585804,22080.790122710536,3316.91157024188,27820.804209486836,986.8687631286224,7350.242437419738,1458.0120033776623,810.7523993006761,5231.180590805389,1721.1936711747078,11320.299500239038,7107.959110215191,1637.162586983537,15107.572191376517,7143.6924850070045,1565.8735739338172,9432.25704705181,640.8986396499165,3774.8428712410637,2979.946367332327,9431.223227544344,20476.552977042462,2217.866170183163,441.62657737521357,6351.509460332331,2683.0250410071035,1971.0805590839652,29259.60772286588,736.0065180786482,552.7115186575844
20,4937.876763435495,111.37983869838438,6441.619294209917,8058.912545927934,15749.790253905141,15882.367059509146,1464.8318047817395,569.6715776526601,436.63914763039173,9797.10188061878,7126.812008058799,140.8719193336941,1539.571026807566,20808.72432942987,8101.4623928580595,10438.33748383908,5808938.259913941,4897.637833711761,5935.268160301914,510.8004336770231,3038.1389243377457,2489.6458444761793,8531.268826840866,8283.797090537495,4021.640856764338,22352.293723756295,1144.5435870704198,13943.827776043847,2199.3231503814163,586.7556076008393,3803.8141349387406,4124.7327639301175,7677.536016793489,5709.927101476704,1245.5975478992025,8885.723358700592,29664.204797922423,2034.7517028050984,6333.597203119747,475.5136144497471,3260.909363593836,2641.473264472162,7779.965507099787,46993.140173673906,3801.270642814255,312.68729806048,4720.120633697513,3232.019716312748,1354.0975286527444,7917.507229788223,1117.6082981050954,557.5636141135057
21,13658.71463153755,70.07044725380108,1974.7575493869956,5963.831650601333,6039.037206021853,2557.500561030273,3154.5075378034153,1642.5840661086913,1458.9664774145983,19360.491048274493,25336.951548724654,86.54606378782844,544.4705867170557,43145.78241557648,51067.483560131965,4515.665432090019,2703.3348227014426,8941247.353675991,5346.9605452736005,835.8267751122635,9826.940560233832,5008.137397978088,15085.736838341658,4378.739169595337,6220.87066281285,13137.014380513256,406.22013068640814,1534.2630381829554,765.8472000427821,1094.923078285978,9779.966899353614,926.0267620515104,17172.662622133772,25096.01860331404,470.29084903237504,51520.37698860744,3793.2108672387035,828.6994292473067,19556.584360581885,971.061678860271,13622.490600844718,656.7058093981824,81632.37511633003,14935.147162881432,1057.6233874939253,589.3847587502031,20899.14481383958,1401.252556057345,7954.312958782352,7451.377179459249,277.9476544150803,722.6673677126582
22,28967.919488678748,129.49427843286483,5599.152457097403,24739.189245897134,14576.431093676962,6295.835942625093,2514.3830372458497,1094.6158994093207,844.3242977580427,42152.77889876221,28208.217978739136,189.41924643223197,1121.8214888396824,22180.787499766455,11621.950165127875,5010.291549682294,6331.6772907365885,10334.089874610327,9035269.48986451,796.2492440593753,5828.839857532394,4193.216876909439,9373.089845130517,5089.783178453689,44687.34511261373,17112.024412951345,748.6501820055294,2822.504250304951,1794.5172656830314,943.5001229483264,6893.984553624872,2974.2566952439797,12219.77829343079,14233.026125893315,703.8744985310027,14417.679409161645,14336.273600663493,1747.0610821193386,10855.64363720498,818.141551181487,9758.838735606512,1054.5234076557672,22300.399944519933,89541.91678917372,2532.6479484229617,491.9839141983927,10068.549522584233,2776.838203530165,2647.9389364422836,6241.768651130719,567.3313548136111,1307.6549068768206
23,1229.1277811694238,44.708113344035354,671.3022189533323,669.4662597630905,2445.661341031417,759.2863705150036,8005.318251640877,1112.014958139123,665.2472630744797,4144.700453443,2818.9261116495904,46.91678486505111,226.64912131353145,3572.5669058972326,2561.7748013048235,866.2369281177312,554.3122468889558,1643.2601532469318,809.9791194365722,2757196.4274674174,4905.350458976763,20294.52416027393,4667.653088493785,1483.164773857317,659.186212308064,1453.1636609412055,170.9929972236555,395.22745231308227,301.8635657543082,9387.316573072727,10427.09616154204,266.8413002573813,29579.054218796435,4400.4223271405435,182.98063999661795,5656.64415421099,696.0637813201697,369.477241243557,10921.14180527899,3285.885587554672,1864.5455711732877,207.09515752194895,2060.553934426856,3320.9900913714546,376.8155995365502,3744.7835888340164,4648.112412993613,663.114461646346,1107.1528675229629,1997.7973394011638,98.07734808596874,451.1089513293886
24,3528.1433665855398,50.5911683256433,1036.7648532348976,1536.414021765581,3476.89269575931,1215.2690382372177,11077.359634565746,32464.006791397693,201573.54624296149,11098.51548478291,9527.661151175997,59.52392316055494,312.1592566710378,8702.450456059596,7675.582956407473,1620.6221814484009,1015.8633862451875,5952.958246131784,1826.9698321788587,1511.4524987886869,12208857.84736845,14377.191075375344,8869.344979888047,2229.459510885961,1661.9018439467952,3211.4826532734746,232.069909026165,659.9627751936399,431.504875528311,2527.310622750396,76493.6585648659,441.07699013846377,49047.98408336272,28688.223650753356,255.6305633471329,24102.368838953713,1351.4460496409265,496.11779768924634,99784.6001768557,2959.220528114958,8182.373831958339,317.60476915872874,6692.038970126463,6227.010088585272,561.1159658001816,1326.5504579795984,60560.654291623265,861.22465577505,9179.382470939947,3455.8422090677454,144.6605225067962,692.0084072181756
25,3278.5584700242625,85.63957451643377,1452.6477343901568,1657.4536874871926,5127.944600146414,1659.488603026426,178972.54875263385,5554.7001493556445,2887.1281233155496,11111.322406228606,7934.639480574753,94.74495222470972,467.9376649397539,9020.185828020783,6904.128141529027,2002.8709974004998,1270.7537421348063,4631.129106163736,2006.2854496812831,9545.51756568169,21946.748685677896,13831000.95153186,11242.341652686273,3172.1963755312795,1687.5921831806404,3547.2204798225007,350.49076978486244,876.0330199933434,633.4720205542478,39899.28722197054,68606.59666061697,591.6111201785856,146737.98211948707,14497.988656754052,379.1937389220316,17007.957170449343,1630.3148550266972,756.2445815483519,46208.26444381445,120975.39529579262,5641.550025032518,444.7795313091705,5647.020960133746,7715.36817894157,802.4585578583792,12796.602708375034,16793.504249721784,1338.4516710777043,3736.5240004913085,4533.9529690610225,207.70027557762256,1047.448327338919
26,13385.42246434326,305.75616197871,6760.388432816022,9450.20353436212,22762.878481025527,9401.383473402355,13288.217284504166,4769.310674499188,3814.419311345225,30860.2170713795,25846.247310651022,323.99464202406295,2341.1989432404002,105595.10907977453,75990.17146780387,22915.52826356254,8599.723666992417,27550.166323174337,8856.76706601687,4335.7698730950115,26738.358248898254,22202.599435785054,19828232.392093867,35932.2564275695,7736.482465843051,28528.009845240413,1937.721622297038,6437.625987980303,2967.709141273676,5456.939718266824,34404.651698438705,2945.447671332158,91490.50452775402,33407.97418830183,2791.9055342621587,123475.78162625177,9537.253211565183,3463.4380342528766,74619.90645225641,4074.3662869866844,15259.326672097435,3396.6864466100897,29093.795062511257,36808.722002346614,4048.447453822061,3145.122564910169,35531.7675798005,6160.226509441547,12277.999388146301,107193.81302511689,1197.9265461720702,2011.072543887222
27,7602.027425562391,311.44757124746013,7893.125687791759,7059.937736489013,27095.227749639205,13496.01178861824,4841.47351259975,1687.8018358439278,1279.8375377569466,17672.131872130616,13184.349270452461,309.715744390075,3365.797496699111,50134.35548720249,22404.04950188683,34371.62644231758,11156.120607581186,10683.650021714064,6425.465617023833,1840.6445693931616,8979.572453080727,8369.894581311171,48006.20433929049,11335035.729974672,4998.9978027030365,22849.960828686584,3323.9254401167523,12561.628469183355,3767.9612344479515,2071.001995480628,11923.960652835096,3417.3753980570727,27684.513735051754,13623.002292748732,9359.860857604126,27753.4595647118,9709.828035464212,4461.808444892894,20805.167381730946,1562.2501468053147,6950.915575821465,10207.822444874746,13923.93792637682,34639.52808109575,5463.568414408729,1135.64060066483,12582.951337308714,8120.722378630475,3766.4580297770367,81539.30573698234,2030.3749286107754,1253.075157574003
28,39911.98374159159,62.91405644554695,2371.4133637247,16395.987217455593,6509.741367875253,2838.0028620229987,1527.8236512922124,697.9284443941872,551.3911071591277,25526.515376193547,23343.82659634052,87.56685024930958,527.9543401068785,15398.22298526137,8422.65562085252,2920.8182605568045,3063.8831707121253,8586.316980721947,31913.544662935932,462.779183138035,3786.575386872272,2518.909690046614,5847.114428888427,2827.926478731961,5807247.2640409,11058.979285331514,364.90776932833336,1419.2388246877858,810.1020509823953,561.0313134709253,4313.076829071353,1213.056817947177,7518.704167388273,10031.181197915475,365.4368779038275,10033.96438448644,6055.367902927595,814.9718846882447,7002.767002265105,492.0434256571142,7217.2367920559245,542.2596162428896,22595.032098999873,28381.110824442465,1138.8601785169185,293.78326230569843,6906.185919491867,1320.05992912894,1859.5226428953133,3730.0229671798597,269.5395710277294,674.5314126116273
29,15321.334074563787,162.74535788745516,6315.5208555864165,30078.416665370405,17574.38280230745,10234.367434020915,3515.948040114744,1470.4193578359782,1171.8581119866371,23591.85095093943,20539.8384412777,201.8476334064617,1661.6141960574294,130231.25643534766,35116.60065834572,27098.18420276644,18836.0954020938,20056.367991149575,13517.35596052433,1128.444224358361,8093.692256195554,5856.432527125629,23848.957088121402,14297.842123608976,12232.491241370873,12240273.627005095,1265.7378585804704,7895.607610909221,2325.0980527878423,1355.052345809131,9576.58102685765,3366.446203705647,18986.477639055873,16123.496500035317,1555.530452002961,29272.349028211225,22967.490622752768,2365.6652896861065,17050.851876477922,1120.400963269819,9259.215658908724,2640.467123215107,31802.646696028798,54090.17930817865,3512.243177399731,728.2309219064077,13390.734968244584,3910.8554518394785,4123.272141374024,20208.693706915747,986.1058173765356,1106.4790841267522
30,1197.3850733456131,137.62092392585973,3919.1564498678536,1097.366142237824,18428.69345447164,5969.0424487038035,670.7288942731219,230.84130104140968,169.19543980796584,3168.155990760602,2060.1215394172696,127.14658786413085,6361.964930891911,4339.3812893248105,2128.224219949851,1955.027403099981,1961.6614511596624,1261.3627207329941,1202.7967046842061,270.06408322553125,1189.550474521618,1176.9133303348426,3294.672398875281,4230.183886303061,820.9295992448214,2574.344748821989,2237827.5898726396,2144.71391254819,3105.0400798363908,288.6269915766708,1615.4895710192066,1279.2526859779755,3460.0559437988436,1941.8064885273116,1627.9376425464725,2896.6165728874917,1889.2571924122421,4735.838179387487,2527.28770748962,222.6695778355898,1040.657779602891,1560.2871957818265,1834.1804194466572,8553.22529115216,4211.7186383735825,153.11650395254912,1676.9309166852754,9677.208767335691,459.1878092537122,2850.559205611954,2247.9500315660725,265.8567518386416
31,2753.0195814248314,96.59149913990618,4722.737397340363,3395.294277444981,13200.739930144005,14260.973658877825,1097.7477726574796,408.42806185930687,310.04964912953426,6013.233330857515,4306.547748466921,111.60950139993746,1584.4269103881184,13430.933191060163,5433.105710092558,9319.055731782959,15295.036936131966,3048.9841804528055,2902.182361439354,399.49597336300906,2165.0118675036856,1882.630851776754,7005.246024411714,10231.297570895433,2043.40798652627,10277.448077529714,1372.6068680634908,3908213.46297942,1947.270290062443,451.2936311583394,2783.0028695658943,2482.982724010524,5846.519672756453,3781.1106446411786,1865.508351427113,6260.711413801789,7386.495292096829,1910.3059558831108,4636.968752643458,357.25067196848477,2077.973252481018,6388.768378385706,4514.73069401405,20929.809017541174,3460.9241821069527,241.74729598107078,3233.413139555537,3139.12965264001,930.9419063306182,7357.463556158696,1451.6091532751839,388.499749573471
32,1445.4786573810736,169.00287304365546,16122.330416714625,1315.3524916582867,217788.8917342649,8472.578049087573,680.8870465176294,241.39438599983563,176.2493032664973,4005.5473274038172,2441.3205652904076,232.29274048725628,6779.726889141172,4148.287410973214,2078.4248059746055,1615.6799538915463,2108.5386098453077,1330.2138626479664,1612.7302310842742,266.6858623919031,1237.2302800619257,1189.8607123959766,2822.5586659372784,2682.3484239065165,1019.4438895075583,2645.239498497392,1736.8727484809274,1701.9634523713707,6309974.805800987,286.5619897008316,1661.3805969999996,2806.983199860775,3383.079244821266,2147.882473675234,643.5464647058099,2851.397882500694,2418.4526566947825,12593.347057294393,2526.811033628091,227.23080127610845,1191.046165141234,836.0174956732034,2034.2165550552413,13711.709203947714,18244.37882749694,150.1299255803652,1785.1149603279982,10903.868591967417,475.11536260729883,2221.0259914728713,1276.590021768744,342.2561476334394
33,717.5290349607826,21.185094047850054,345.8549018871914,377.5553299700906,1234.3743095616412,396.8259812786662,11281.9774578731,905.9387331901152,516.0200993756407,2381.227216145431,1687.0324851883656,22.86139087647269,114.04127413331516,2089.1579536290274,1566.765052221478,479.1266346506937,299.9974720898097,1014.216763371872,452.1930478401181,4422.8131662541355,3864.4820131101937,39967.009975303765,2767.825035866405,786.2435856493837,376.5117476104351,822.1435104022055,86.10047899735251,210.35412405932072,152.82218970239222,2769705.0558179943,9807.702389822636,139.87210550396887,32772.7257956845,2879.7346551295777,93.88063665989873,3739.3565012913587,379.5653512864872,184.2110523143606,8970.86119535995,4596.328878125882,1160.341764288021,108.45118173391273,1238.289487364334,1787.275923375595,193.03951029220403,10483.81757950101,3248.487975533817,328.1131646188158,763.3944188736878,1112.759898814538,50.381639145112096,231.8693330088817
34,6352.683867388145,118.77951163066841,2250.301430808467,2963.463476302812,7712.42349753573,2606.568792174124,73828.69028594198,45868.20512681181,14960.154695209452,20993.130334670685,16323.26630851262,136.53573125709465,696.6630578233396,16513.91944127643,13638.414451194578,3332.1621096878284,2096.2543246416494,9764.474979818882,3561.365631551851,5295.230209664082,126073.10173248577,74074.15992552302,18809.228392706784,4879.34436052737,3119.9164299577924,6262.76888906584,519.442070436783,1398.2016739123592,954.9954569125539,10571.378342267735,18353707.696352005,939.2818355236235,199404.75530334807,37759.659920419625,568.2059903145444,38423.7341391243,2744.290933315798,1115.2660949324847,172098.2606591006,16067.896785946481,12775.962233719105,688.8265134270454,11442.26156929295,12812.6287014094,1227.8838253570145,5361.3767262277515,53554.932310662734,1951.3070186972884,10459.066543200732,7333.816383501114,316.98181658344737,1592.0509088314006
35,2599.138208024828,107.6096745746545,25398.98399206008,2891.4528438930593,27762.705224710397,20041.37545453803,857.9498182919123,323.25624115046185,240.544675321145,6454.5394427288775,4003.4425220221606,163.1454474173939,1761.0157952586342,6737.351841744755,3201.6186942521867,2534.1406840918885,5254.060534280376,2137.02509475944,3551.397439724938,313.2197130338789,1680.2967183095564,1476.426254942546,3722.0285319768427,3232.274202472352,2028.2032862435096,5088.644937374075,950.7446096378677,2883.396942097917,3729.4651814904946,348.4737121818807,2171.0533509565344,4176860.5549964188,4275.000774489171,3163.151822196614,625.9132175656438,4103.1918331621555,7449.906998661355,2529.6110745564306,3375.2915783815556,283.48705699965467,1831.5565314370162,1011.3279037924659,3471.7288295391963,52547.51517056571,7163.102005914381,182.80394686954935,2544.86510959775,3501.110044727002,684.2182706990088,2959.870087043058,977.6291844414933,437.33836712327104
36,15493.168411099325,364.04366347033795,6574.484583847743,8099.30177479139,22916.63572332423,7816.878227764566,161436.63563654234,24931.857538805583,15738.30934396367,47242.878875234965,36488.22915659124,398.0386878410392,2143.441364444693,50075.52141480055,40563.37839322146,10618.728823224996,6230.670006914887,25248.60302482425,9296.035810899622,22120.449855399194,119043.68754090153,233309.06097828443,73657.68093631823,16682.688450500857,8009.159977566369,18284.728007429258,1638.3409528561822,4325.55445005948,2863.7331481528367,52019.37212521428,293645.74708054826,2723.6407919077155,38662202.671014115,67873.81007129666,1868.8917039511155,113099.59435845095,7837.718845005607,3399.9239289052357,433005.35455069714,37254.29199669374,25818.880215503974,2203.7824574239107,28857.1163789635,35567.11111558696,3686.6223342207627,37220.550730141425,87318.08222823743,6024.672697589394,22505.445692158402,25801.087168614627,979.0642441610681,3790.9983152618747
37,23069.490495091442,166.49631182235544,3930.219815922548,7262.892317029331,12616.847052765383,4535.114407928887,13044.444413976784,10040.68801741784,9155.102587680689,74356.67275124691,86800.68355573167,209.82355408350548,1087.8479015978626,33099.672933084,28472.45223549025,5707.389911971543,3966.627889651724,31585.121617299003,9268.50562050068,2816.968822847685,59602.82939201248,19732.16908585813,23023.437682556356,7027.162214316501,9146.902630324934,13291.724758147036,787.0550755779336,2394.648440689854,1556.3558396162052,3912.758322733727,47598.611930043975,1725.089687600654,58100.54929429045,21405105.798329003,835.2334395802113,66838.19555643914,5670.72856780705,1729.8998092016127,72042.88314801705,4011.3582741263676,149894.73406169648,1088.2554079884044,40869.88857463697,26807.75417137093,2047.5984220996395,2015.5341843776862,237279.84122991483,2942.0531596632636,27690.112856657834,10515.46153457837,511.5535261264668,2702.9410875894678
38,962.1718475738506,63.596381419426315,1660.6356693693124,906.1095616086565,6161.049556301148,3049.4759575008784,576.6060510044175,198.32792048890474,147.4528722206206,2378.113098356644,1655.9015112582206,59.82725134525961,969.6375636069306,4564.248485406504,2134.496625378189,2564.4799788210116,1688.0430607455614,1154.6733251847993,894.1751185038886,228.51131104001627,1036.0742367620612,1006.7997740816037,3753.493141988258,9418.70990040547,650.0536953002763,2501.586405937405,1287.2171587318376,2304.806414293294,909.6894814000975,248.84072394536614,1397.2911252315641,665.9178300829888,3120.8796731179277,1629.3813926699054,1548616.3910856338,2790.6810127240897,1444.2680045235672,1137.7461570801097,2292.4795165454493,189.07722970233505,853.0203582369409,3353.326518934121,1602.5721089903725,5578.458435691892,1343.9339433022628,134.12924956380863,1452.7275518249294,2153.8911886186897,413.87914371436386,3968.907275070354,649.5562585445396,183.35561950886395
39,18532.141236693245,213.68939860293764,5084.116623595073,9690.944189422044,16456.24097577873,6564.038051807774,15160.455988842665,7840.763432606201,7512.755016810343,39973.71970875431,40387.04428131446,247.63386001055747,1545.1793147553055,92363.80560148667,136192.3895164002,12287.508782723597,6252.593951418889,65680.02336833997,9510.084504686602,3667.947244023577,50722.364112684314,23447.458009456328,86194.2614499965,14501.095639384472,9267.68099442359,24443.096770491084,1189.232386078428,4016.2672466302065,2092.8242002291154,5146.405036388831,49061.669557558744,2266.6789106791143,98065.35330959731,67701.96239258927,1449.011589955084,23282672.248745237,7956.311894310215,2359.621743952202,138435.92287364116,4455.2225607639475,27191.058047325278,1886.037281249513,49665.866458835015,32336.217914888348,2831.533481522251,2880.9506795499774,85721.96410955823,4084.452522072103,50243.607388418706,27906.968177154395,768.7391306413601,2057.7068051379233
40,8240.31493314782,129.0906006370019,8031.743025703419,17953.397906309412,18306.082294682023,13584.875078637411,1816.3965966979365,729.3444123099812,559.8579655805798,15300.861962680601,10912.232252581236,176.35318012654864,1547.8387569085705,23174.436050092223,9716.919994611106,7940.260293128191,28526.137683817815,6608.518007409365,12923.142034900971,616.8166425922042,3886.7024804249236,3071.5523683401375,9098.351418391265,6933.2690467858765,7643.31715812637,26209.276062722285,1060.0091791327445,6475.602298548297,2425.801951996038,713.898513702439,4788.679049261025,5624.214279882849,9287.248275171432,7849.793385988459,1024.831054905868,10873.131106532002,8008177.165926794,2194.7874841630555,7834.3201978475645,590.5505392189202,4690.299908680817,1821.8853340653964,11499.880292162825,125860.97893564153,3948.9107347269546,377.6116725406741,6225.193588008675,3422.6878662522895,1746.0526903459775,7411.704681511899,952.2813234470453,775.4631607945806
41,2734.4591824815243,526.1763129639727,14638.729970809378,2358.302679550744,149426.9606781675,11379.625535500554,1473.8225656229652,509.0699529578335,369.1194571574945,7774.408556622931,4752.861506687373,566.6683644372087,21843.98761578673,8151.56038072851,4169.081815005673,3166.9505123838658,3560.3629882302757,2627.040239994831,2865.579885843868,595.7545017121081,2596.2109981103745,2592.5151815916124,6012.006060768668,5797.089827252362,1871.7876037836159,4912.101917846578,4834.905499650541,3047.314419784481,22984.312460951278,630.4319199991603,3541.08761927586,3474.8603475177933,7330.59403594343,4357.254332451705,1469.0022399190723,5867.563638776289,3993.604644906493,8362839.844747459,5348.254583641132,493.66697564849534,2374.252924198419,1679.3569356937217,3931.584946925907,21539.721450813147,13357.213810239495,330.3568399389875,3673.6538616972402,103980.99651521178,975.7916811115967,4677.157777760918,2187.013421648217,713.7378123100227
42,10852.747692784089,179.94408011871414,3631.5415938070696,5261.226747642332,12271.740736938147,4378.94685617304,39469.16955363134,24152.747220898953,23474.779262991025,31125.38230556036,26706.914994297753,204.84179968917866,1132.8817739869962,34162.22861710861,31201.280688923394,6354.822699483428,3691.7860607817693,20652.180857804004,5931.482279787677,5866.119625718551,173948.99669371155,52769.37102651838,43148.91866513128,9004.789217023399,5357.804286728,11794.061320924604,859.5062698535129,2464.0625876391578,1536.2657133161842,10227.273642436712,182027.86822103275,1544.536321228126,311004.35065997345,60448.60362117855,986.0201112916305,114674.65646039783,4748.726309945044,1781.6209073475206,25605318.29516563,10008.350915465475,20396.250167817998,1209.939361529361,21853.738587525928,21164.153389257932,2008.1105294366248,5861.625904829078,101557.36695842148,3117.1833042904323,29211.424940261568,14743.539744752848,530.7609127686121,2036.9452328909695
44,326.7292943033425,8.257580301454887,141.18178927037374,162.40784182229865,497.0308393704695,160.453737325791,19591.889992643908,604.4272029370234,299.996713386603,1127.3537495322068,800.7434157506035,9.22642255645472,45.0588486188664,868.4519669116169,665.6710762559418,191.5567230538338,122.96153609704801,454.925172483663,198.31535772844498,782.9887913411559,2288.526661344585,61288.578590690086,1045.190670696953,299.96677230304823,167.00937117917337,343.80406874937165,33.59506521445301,84.219150890234,61.28878500404285,2324.6473189355684,7539.467507238361,57.549334233028674,11870.520173723966,1493.161829955167,36.07777770983001,1637.2247085237536,158.80096285172797,72.95541676263781,4439.997882093477,2165031.797908212,575.980019613718,42.52112225108142,558.0358456770407,755.7847536286645,77.6027318762876,819.2932582364756,1722.0515164418894,128.81866605753328,371.15156185427935,427.17746878661086,19.981290677263367,106.71235041642917
45,17257.479715919635,78.98498705366464,2006.2325016911848,4137.567834313536,6291.860564390591,2284.962955423875,4396.391234350805,2725.395175140656,2276.218326881519,57575.27647319412,103655.48072031664,103.02500000369668,530.3114738121405,15661.678248993463,12495.720098520404,2715.363360481022,2029.3926244960076,15359.274252154111,5693.077092506836,1069.2940139414725,15229.266564076195,6878.630301963745,9420.888224785516,3212.074541377786,5895.618696368447,6838.057740030197,377.8710005733916,1178.9592190355245,773.1494170895932,1412.384450529013,14427.672832468967,894.8462488537496,19799.392472562136,134283.55443212233,391.7247117554433,24048.39068780058,3035.412372400242,844.4452056353211,21776.676240714663,1386.2081373337205,10615256.224950012,521.1401760641112,24692.852952777877,14729.393179399118,1022.3385232814601,726.3417443546583,39920.46180495189,1421.0656370278512,7403.650204539227,4656.38477366189,250.58479194024136,1343.3915409832007
46,1142.8198670842914,55.416116775450206,2010.3747435185446,1204.4032288869732,6567.895385174548,4750.586576338324,568.1765944216421,203.31277049233893,152.91517607455788,2663.3535490425934,1885.7784738063085,58.0425497137855,939.9037809008626,5715.871586620373,2473.394780481663,3883.9700098643443,2978.5981428627674,1341.601025625414,1114.6627628491012,215.19512188643608,1071.0876981985282,982.6224066930032,3799.708532554214,8547.026569863394,802.609028191492,3533.2768973410807,1026.5462435798472,6567.7152957457865,983.3056827207076,239.1881376362443,1409.4538701303636,895.2790655047428,3062.115224221446,1766.4674187818575,2790.2027481462696,3022.376265957238,2136.3700043065946,1082.2456532681595,2340.6863086972844,185.4232073875838,944.2628433101053,1816078.2056215287,1905.7019419922767,7363.675822281408,1619.820394475677,128.66332635921864,1548.1632106831385,1893.726880410929,445.0946677181566,4235.8801234006105,848.0784353760833,188.54082169793963
47,51680.72216767861,127.14187799532998,3890.927284798861,15725.146463957164,11543.289226345643,4936.032382127707,4721.862534008829,2388.3794444273794,2026.024206498285,45374.18577399783,68965.66285556604,163.23444302238065,1007.5343259510934,59498.28179518355,44571.7488476848,7475.865114252707,5335.429418667975,101424.0546742685,14335.93202643825,1302.1843677230554,13725.320359891053,7587.300457483844,19793.437022775805,7090.38859553857,20339.28835182181,25881.305933767486,733.9087050413062,2822.6370450807676,1455.1118576873744,1660.938481355914,14238.980504356496,1869.124575482442,24385.50481388768,40346.35112574006,810.9676144559901,48404.115213851845,8201.150163182725,1540.907305127766,25711.733960583097,1479.951490046872,27210.443972434143,1158.9934699870103,14078111.551717212,33039.22680346687,2019.746667156395,882.0483159107682,28550.68570530925,2571.375623024981,8850.243073427722,10965.646409472138,514.6691276397462,1381.7550366492153
48,90895.1573141051,1632.4995127443074,125432.06388445004,118572.98621411821,254562.64979432762,130857.49974192647,19673.939233295834,7852.59104713512,5922.16714736648,201784.75887621875,124591.27893846303,2514.6155359865115,17841.88346803091,169985.61650538383,81579.12625725145,52338.21260342131,103918.95696245124,59835.186264326,185612.95002177736,6767.444080325079,41182.4522082917,33426.6722715131,80749.56332088895,56878.55191274856,82379.80989385504,141941.68226317372,11035.664851397614,42194.617865911525,31627.101671193726,7730.2149676383115,51413.109356412315,91224.86748098588,96916.11941828862,85335.52163001022,9102.668729026234,101620.68019802764,289428.40730792755,27221.843842265975,80292.52721299847,6463.267267766516,52338.083773576225,14440.734340412533,106536.5135803216,60258126.291025944,48186.56603425134,4042.794233673173,65531.85022315293,40983.54990120056,17491.988262861487,60104.13967853154,9416.510942071807,10563.68315582393
49,2811.736722440126,229.70300493458186,35200.63645351239,2756.8563676220283,105265.59559325463,31847.368611267157,1228.4534198521173,441.9450232541979,325.34786951452975,7402.989770394358,4629.220437481542,303.936656976646,9477.761363614407,8479.547990250334,4113.099278136545,3483.9721530654456,5166.142782877752,2604.086989959414,3226.5174027748208,471.9144443915632,2280.670582399317,2136.664831087913,5458.2729697089835,5513.53646047651,2031.604211087184,5664.393364708116,3339.6829757979203,4288.063212131458,25862.71909086667,513.1253543116155,3028.0999665737286,7642.571202231003,6173.811641489696,4005.8206616426564,1347.7513020584431,5468.797931914974,5580.905475548773,10374.582635274333,4682.083356877135,407.857355954098,2232.569511798231,1952.2650575815414,4002.6056688797976,29614.423228186704,6751605.244335137,269.85647173784014,3328.0857402555034,12276.774604040009,897.0075012757609,4467.140933197747,3983.693457626262,583.9681815159973
50,324.4277539645308,9.494995052318615,156.72694988318923,173.10627548455608,558.5139658439012,181.86602031701563,4243.375424210359,398.55923242007185,235.1171797432281,1047.6861539803922,755.3371653248989,10.171584882564426,52.06376581330642,989.4832744408558,747.6684966926704,226.19316250385904,138.55837641583472,473.16027484101835,204.35959016641104,1529.135793585198,1757.99907011282,11109.471726093561,1382.57675616683,373.662666328369,170.87584623235415,382.93307235019637,39.58702168946609,97.65975963207607,69.3900664149395,9086.186676747096,4310.961924903427,63.592933403727564,20323.216931820218,1285.647225560961,43.8571356840492,1814.2240985411042,174.00338352803624,83.66098858034307,4456.096203513394,1403.9628074533625,517.1734254086292,50.56053096860251,569.9322251412424,810.1097720749984,87.98685009181192,1279040.8317084375,1476.7307228557313,149.23937787577867,358.77271767236107,537.7993547990383,23.158054772548493,98.06826366193035
51,11693.713575342937,115.42877179283245,2588.8358273308463,4465.242416945548,8453.900347088364,3052.400512032583,12830.927560861808,13207.601375058312,17133.24621794052,34332.958466866476,34923.57353580636,140.18493346094994,748.4947984044863,24266.470340228734,22516.00971364676,4138.272671536526,2660.685402218961,21343.015135558995,5320.211686469151,2414.4256422122917,102094.72611219356,18546.32783820562,19869.474082165623,5266.707476292627,5109.869131370448,8957.278086920223,551.5233181050995,1661.6253431755692,1049.576519028909,3581.4702326727756,54779.14125812847,1126.1751511409154,60650.12906929827,192535.30368941292,604.253014349,68669.69270503386,3649.0769940683417,1183.4660544401397,98212.27601677709,3753.8787778115097,36158.35259891531,773.9118145846332,23467.415585676103,16704.464043170494,1380.375751153238,1878.534575827843,17217534.28582835,2032.8145501237684,46373.04118630575,8231.152027583716,352.8254701131975,1639.5355714554248
53,6782.270040150798,1600.9254959224368,27350.93421340237,5744.759521796462,207533.88025972695,24835.56964126416,3928.3761981193848,1337.3459023256667,967.2837720909728,19347.638989106417,11933.904479538347,1374.8117706904463,43653.1908104762,20951.74992001611,10793.048021662073,8199.62853815314,8545.583630144081,6712.294046570232,6882.399472098803,1615.6712984579676,6810.147259482766,6933.405437600833,16158.22083365623,15943.315580220165,4581.339312272293,12270.738639604218,14928.841805393711,7566.733885675113,30071.550705972142,1696.8014884759923,9362.000290873095,7267.319149453142,19628.553555045826,11197.661774330776,4202.287007488673,15347.376290532262,9410.761330055666,157122.66815379055,14139.823329677109,1317.1650566362518,6037.463459152012,4440.372210468589,9913.831704310736,49002.35902022049,23884.403319203695,890.4891068150861,9535.095763328185,15434051.210937163,2538.09550817852,12576.223607517535,5142.441113947204,1815.3330882609519
54,2210.208559362859,21.577291610007617,499.9289143239401,927.9235825326729,1621.5274780884938,611.566821265957,2029.9470859287417,1498.0707960102804,1776.0010741795882,5409.269531739219,5787.690444301317,25.756573561443165,146.76178154625632,6075.758389054172,6571.335848922716,934.5500545878228,555.4518443261219,5911.3404214937555,1018.1833878093245,418.50518238095316,11261.137322895089,3002.8968824180556,4996.354052287251,1147.2177338366791,1001.2188601136127,2007.1031001203726,109.89934294135193,348.13727701223786,203.28392095739105,612.4703961451245,7785.109225620392,220.33925612932427,11375.518412156624,16350.472066862972,125.27494859478124,29289.35736351965,744.8066569399621,228.75506663161434,20557.160403637667,588.7642558928594,4879.945924959467,161.91353849707406,5293.707718831962,3244.7058536082122,270.74156128204265,332.11870206828513,33745.94677838204,393.76462816771107,3496708.827089979,1922.4237587779007,70.77986660211528,258.4232679143025
55,7492.536061528446,200.6974537784515,5016.306485143365,6491.222566271704,16622.426560565484,7812.288657823569,5034.082614832474,1821.3673286489357,1422.6287912198775,16461.620967110488,13248.001915094741,210.43380785313414,1826.9587825264446,73754.08253890305,33373.25793000385,32560.11539698935,7622.61841395216,12996.879332829269,5633.067461096142,1772.408911023787,9950.432017100162,8552.023726752417,102379.86709023862,58290.65992071522,4713.660508587068,23087.93903172127,1601.2312423931414,6457.662009894212,2230.3696141088185,2095.3512284886433,12812.121831237317,2237.1190960435642,30608.414156864066,14573.140523409676,2819.5570562913704,38182.19841699981,7420.335716008288,2573.4449027306373,24351.81806099679,1590.441593252282,7203.394859971591,3616.543364930025,15394.239584195024,26167.352420107087,3164.5193216995385,1168.458902671766,14058.400304698942,4579.290914497082,4511.992494412402,11676869.75552486,1021.153975309495,1068.454661902237
56,601.880430260457,44.73842879300632,2551.132720684589,608.0199970464965,8873.52760409334,6888.5704632522775,283.97442010316996,101.14894976120252,74.8973798034561,1515.8522640452084,995.1788927535367,49.657688369382406,1896.2314413909446,2175.608130189204,1020.0719416105635,1032.659852406002,1356.636586321644,611.2568642923192,645.5535407708652,109.70827973942275,525.1655845775531,493.9547378376455,1442.557812699039,1830.0645193491343,429.46475024909347,1420.4588030294622,1592.0944898173962,1606.4051411432083,1616.340446960938,119.61505768186113,698.2059954193155,931.64146454965,1464.4421139040976,893.8694459007847,581.8149851045807,1326.1280388984137,1202.0676539237038,1517.198828299143,1105.3167570703167,93.79746927645826,488.7663152355734,912.9441974551644,910.9830947691357,5168.9652220550415,3558.133234849273,63.43857779868305,759.7897101361274,2360.888667112874,209.45328665895036,1287.5064955051043,1153782.6829679103,116.2323857339389
72,8033.264867787419,240.45489193622782,4312.398836130139,3771.144802255946,15044.84183952223,4019.880073114475,5744.813171304813,2135.9314274846547,1430.072726702959,44860.42496219975,18826.218306107585,356.33266329708766,1142.7810212663699,12615.151354878923,8121.406840033122,3117.8940533306463,2721.1691436014385,6389.7870671524015,5982.405328034215,2028.8004914915578,10100.544934048663,10015.436826969808,9736.838816627296,4541.031191184856,4321.100584569013,6408.192307765382,757.036965174002,1728.5555317977064,1742.2876520538036,2213.319343293798,14099.164594053807,1675.635051577599,22798.2660056436,18989.20555879342,660.3125652134825,14271.748011288753,3935.6096877127916,1990.7510866234095,17055.104311411353,2014.0464136236658,10535.04445757001,816.0200197846157,9833.32655563066,23313.966448247746,2097.068825294078,1080.1076776570342,14195.20040080611,3350.8092801996613,3074.6540649595254,5416.284900117286,467.31998898384916,6332722.256125828
