state_o,01,02,04,05,06,08,09,10,11,12,13,15,16,17,18,19,20,21,22,23,24,25,26,27,28,29,30,31,32,33,34,35,36,37,38,39,40,41,42,44,45,46,47,48,49,50,51,53,54,55,56,72
01,2533814.008307851,3.210048693310094,209.0907392849544,4883.739813091281,591.4239001781402,403.85193484408717,336.42052269486703,183.97318544494237,151.17596988032284,86487.48595676615,156530.73081450182,2.625440756454551,50.595737504121125,5318.429370341771,5113.1970493251365,854.6290761640574,895.3344580133916,9626.243268241034,14197.134633754624,85.27241983498074,1350.2761327135217,494.54718807711845,2312.086107075163,681.4234795553962,65627.58111795921,4679.207991184875,37.229618207252365,356.1506131578449,66.16600173674993,105.67277015580571,1186.8474660067768,155.0841863181762,2128.6877458271592,10293.529069550334,54.7464560177911,5461.6862512255675,1566.023870400805,59.48176756028219,2502.3123477053105,89.74102906768897,9105.29706645398,106.54215355928658,75548.820108262,9522.127500067074,109.16550471170376,57.05081766721202,3561.2791255232105,101.84876883842207,1132.7025800039148,1213.6095759696593,34.767171958211456,98.41426529214165
02,416.6217763458988,388755.54616118,1005.7468466019751,347.75717105596414,7929.560900961346,1093.8799401126369,241.203987151494,70.1791605361411,44.59272565638939,1116.2179413048157,822.3438411019057,179.79767677613486,897.8696801799513,1298.8650022413135,739.9156989715977,516.4354107406799,431.6119243250675,461.17704317520094,388.9944585630893,110.68210369852237,427.06515329796076,442.340563629158,1056.7944670592456,987.758392646853,281.2982220702919,754.9752817887237,565.2221952459807,348.5798202021155,705.1746250091006,106.12366845946012,617.1938557924233,334.63781458259183,1326.9496633847752,769.6188543649877,228.16751132718665,1082.8940042441343,501.659806092876,2626.2432423712494,973.7343416399303,74.40536996756698,375.4177895769942,221.87852678117702,635.4582169646882,2631.488043882365,856.616760236427,59.511389859066554,667.8777191447335,5694.558107699543,172.28417704862986,818.678101351024,183.5855122105082,108.0763003611641
04,1450.885358582904,56.05658335147681,3776557.240713347,1916.0824630888274,368811.11694498605,19257.74174455603,308.3336720577975,108.09550706109788,73.8479713114205,3017.9136286820353,2340.4604236259,59.17652190603625,3406.7792977544823,3431.8990389311784,1830.1268399855735,1698.517567940843,2937.548517268877,1236.8282633025694,2140.1489713538576,114.79424645569654,695.2031418716855,524.3264530112131,1951.4488459793738,2245.5172713486736,1239.5073591192495,3290.557992786855,1168.9513055647512,1789.0639012986019,71096.37905486015,121.39962102081043,871.4548285783723,30663.19097676657,1800.8159213527379,1632.638151118743,458.2603734610786,2197.6810904950253,4438.183568498648,3512.327860302963,1525.4738910782005,90.3390085091557,886.9093687549721,790.1616734036156,2016.0100806846724,36259.72261217605,21394.31083902616,67.96769495577283,1203.3778019283955,4304.434662866563,339.1851724898499,1766.229037753109,1310.2332749256668,150.92305613082803
05,6217.929756720939,3.4713629276109295,352.38272576517625,1534663.5635944216,864.8669879663306,992.7830696919168,174.21217609132248,78.87526595662983,61.17192322804841,3157.078293438092,5323.651057730633,2.684490944425538,79.6930824133974,8154.820902449419,3915.7017277197688,2022.3300876500855,7266.29601901955,4365.4383058946205,19663.899208380182,50.799384024894636,561.7649692040771,268.4363413177712,1886.3811463962272,1173.876405036051,20472.19018794826,53579.067004061304,59.10633501158647,1177.0092597692033,104.85950168103848,60.026579877822165,564.2377852162434,353.6212766799681,1119.554098855048,2071.762793365572,91.26798140271524,2955.2208026481217,44958.42460336009,81.92490627302756,1204.303625257651,47.39109234864637,1278.3861215985307,232.17434956584162,36799.387707685746,41103.370754130774,193.0579543470037,33.92540344945926,1174.1962581951202,138.94294048833606,416.0617035806003,1601.7443096584846,69.9849737965846,46.98298724758342
06,929.9085794710477,91.52127573618463,103328.27358796677,1074.783216493286,22679631.872939955,8590.779458599623,251.91157144117366,84.7860679247938,56.99092378477469,2086.5851429997006,1583.430164617416,90.80477277933764,6103.144622420288,2397.270475967165,1291.748115296474,1149.2669275266153,1576.5568299756753,849.6650609575671,1203.8115344284868,97.93437036227147,538.6171264680539,435.2227178203241,1486.2975621877106,1712.1663723409017,743.5663601805263,2002.367342208728,1524.9627944953575,1102.950832395618,122356.21284333926,101.5503967097599,696.8398807607009,5243.097523255156,1453.643901756936,1187.7307762612616,396.64379522125694,1622.4308126181832,2140.8345625753414,25387.691680030075,1192.6083895813363,74.60428687011024,629.1124582522151,575.9998220086778,1320.4338206715431,13835.637472337261,15906.328482335794,56.92353848507279,910.0191282791517,11935.440760144898,251.46523328013603,1319.213836313662,1004.4410444763101,124.01708217288214
08,667.5363897804856,15.366761253277408,6374.887461229572,1252.08139727177,11051.055596678932,3352642.539447145,138.16118880533153,49.08644273122438,34.26508975922119,1082.925264789288,1047.6428644687862,10.144562048028902,1900.1245489765313,2495.640151501199,1154.2359404644942,1847.0158566547482,5418.531940429286,696.8690152032785,887.9135082871711,50.36992208366323,322.98834118936657,231.48384944997468,1207.9881217903248,2264.874678391019,582.9711770526425,2903.9938931171287,973.3300336955241,5617.590158305582,2253.480918094673,54.18706477884867,395.43705673876843,14237.165734056854,840.9013527667375,736.1768092482146,533.5237913706227,1228.994015373962,4056.311831317005,903.2354743789735,736.8307231006465,39.710067335646386,389.0998368921256,1584.5946816223313,1082.4040907738342,12902.279814024687,14007.895382577408,31.236079324285992,556.448135413021,1409.44901013897,170.85938144287996,1380.6819058104973,11669.343142521697,45.09819788743978
09,75.83701344960319,0.41113868349598875,9.696911077202156,30.00496166897027,36.15452091688271,18.510895773772205,1709635.5559102977,654.4593448201917,189.94237905119905,211.72351857930707,231.82994033623365,0.25083558173342296,3.8031011445176257,244.47204896955577,224.80286821062663,43.01041264325934,22.489935602283627,165.31037977405649,32.18195196045684,1006.4829533934035,2202.3551632705535,109377.36525540981,485.9782083245918,61.88634289813532,33.292059645859226,74.48637556178532,3.1358939542982296,15.154052474893161,3.9023170984961078,4847.297649432363,42991.424680671145,5.53718037683467,214028.15107644783,647.2216431121168,5.3077666187792225,832.5176262051922,24.905109070646656,4.99908934088294,11040.249541319025,34718.726669022195,181.16149568859322,7.062299998425121,167.93303434188505,114.18927851770124,6.538930950925984,1329.8377472765037,1624.2991385731336,9.259389236646179,238.43042149814846,123.80558808378525,2.1479597822066325,12.89441043167351
10,74.80151418031593,0.20468973282447325,5.88051612383724,23.855241470470887,20.8856651887029,11.355361165305297,1142.838252410049,402367.4853016693,2329.1563739773947,200.06078300673985,265.50545615345465,0.13406349096366665,2.1194675151499687,182.1910637484698,197.46167773746254,28.73379558044095,15.589906650681401,186.2931179550768,26.114195228158867,71.70661905404296,61953.97466284783,850.0670297461311,342.88733802365243,36.16990502390806,29.07927638365472,57.28246277260709,1.7177061495728758,9.788017173349301,2.2691111636219694,137.90890631626462,47097.10371881918,3.5023094508740535,10974.073347408234,1393.348893261576,2.910932682902129,874.8524716231873,17.83291657294368,2.72111090005282,66515.77918374474,185.59558275895768,262.1266993492736,4.209867187953116,190.55878162090963,82.56899593415505,3.8044067590863224,64.37859861647685,10987.275955643561,4.9630829727897545,605.4926289219151,78.88839876202063,1.2517113012669723,7.917463013380835
11,4.09369060133986,0.00881243543380576,0.2705372197795123,1.2438093612991712,0.9450679465949005,0.5373851273542525,23.898695912837766,158.10943638179776,253440.77507019875,9.526267464546885,14.988653289889362,0.005792756288076571,0.09636710215517422,10.067615800713554,11.918107817593402,1.478886648987516,0.7854490039241124,12.372723583840497,1.3086135456483046,2.1498857345236306,44993.74508253294,21.361588776478133,19.547822372638038,1.7739972898450946,1.5264314296558537,3.054830752489414,0.07838070767144159,0.48503209459816016,0.10342121835552455,3.8114123403980456,258.5051988261261,0.1646938588671978,198.7648345038765,89.5725699981201,0.13657376857623374,61.72265095289981,0.8910768269482863,0.12179680525692833,768.0387288151857,4.348284952870394,15.31297581465607,0.20338894550848707,11.861002732391578,4.022952801406085,0.17518182839322913,1.9394152597191952,101045.5569738838,0.2217587444700425,124.03024658554935,4.116219818948689,0.05844270876532235,0.3136007071194457
12,78703.29773288757,6.667948779289646,339.5022390405062,2063.0798886388766,1040.8854102541889,511.5712168881259,739.9803747929122,384.48218754264474,282.2489449382296,13061251.767196499,100921.7444162798,6.101729707627194,80.77397529074457,3473.2710683279784,3064.363536788713,729.6702311653047,721.1575101365235,3841.2046400814966,8035.202199925625,193.2019904647789,2535.3471034443605,1127.16048450136,2416.4066850277227,743.8571041331599,9704.813916530511,2418.1682759869404,56.93579556177214,340.7528110367918,109.77931826843752,232.99863349933,2511.427930739054,212.96670047955052,4245.346773489044,15365.650723590827,71.35899592249974,4864.976936558455,1231.8819904789314,104.69937260779783,4201.710895108443,207.87202234454938,17134.441991889187,120.3258976252578,9258.503813518108,9686.752044010513,165.55338268350494,117.2119995247488,5985.387444742356,177.80313868057786,1248.15106856703,1170.9996210027973,47.24015793235632,653.7480102033024
13,63942.5815980023,2.481055055953546,128.40779136211148,1407.9583055116138,389.1841020843176,235.28494670660623,418.644713067711,263.04597802333,221.7265310230822,81523.79274450104,6148848.999573809,2.0019084842431925,33.77545726743956,3080.0797901534806,3448.3817034789904,499.9352528899999,430.5186249367071,6806.121074892492,2523.859176752348,96.3912932680719,1939.911483240986,596.3383998935876,1964.049692200847,451.477045657054,4071.513331916767,1956.3224863379426,25.13980977566968,198.12476979534713,42.66869051763727,123.2372581472258,1569.0662226956354,87.0192757824636,2605.848750127108,31763.570430410236,37.01292902946395,5231.070204690134,658.3952763480472,41.35881180134168,3141.716996317347,110.4876737800743,88431.48607046774,66.10502954712659,47247.071834171795,3815.0716485682647,69.28086828731328,64.27033836545517,6014.581781863418,71.60016065413471,1529.3698915311134,847.1405499546129,21.724287768934193,115.15854658924054
15,305.26831315629846,150.98218016227457,983.5623482932641,244.4555775103865,7319.44626514383,656.3344610795091,132.22824694078747,41.057276186057635,26.363049912443532,914.8826581085542,586.9816262167436,820649.8902353533,351.1651637305809,706.9406319655403,420.1361042967787,268.78553779860044,267.0577982627312,285.5044346399483,319.9206410223001,56.2229973961399,250.64889132775755,237.87929501405785,537.9096064880019,435.65814090148467,213.0498045435263,462.1619666419943,181.18007251927432,187.4935245469654,527.383780437608,55.53406524698989,348.8770044790237,273.46243440162476,721.8422379729012,505.8220673552449,84.35620842149501,609.2177947180315,356.1792093480739,938.9103638940784,547.7979885440138,40.60522044641987,259.1852045461516,100.95779379615874,423.2773389815996,2281.6744143115457,497.1239471601951,30.24520866610638,408.4874874882341,1403.9529099162653,102.33939253595523,395.8662563170902,86.79213867785506,95.45109272935377
16,197.96915319797665,27.07397794484862,1914.0039527095498,244.50749353757172,15537.404758727447,3960.567386819914,66.32385907743844,21.591972862452774,14.509603609021859,398.50743369657505,346.2037245187009,11.16679107212669,1011220.8322479194,741.7376665857324,369.75063115251885,421.8158624888538,469.8527677890048,218.6521096985108,219.26153391881098,26.584928005740018,137.83407812858403,115.13462135048631,464.1303289112316,761.8222827999156,152.01777043434203,567.9182941542421,8971.412811833534,469.6375467740506,4188.518511520711,27.36746778330309,181.09537811342986,659.7548621865319,390.7163348199966,278.64413188572075,289.78941911469366,451.454152468287,481.1493387014901,10859.795168647765,317.3733738380276,19.550927885236938,141.42011105315436,368.4152330053586,313.7398215521203,2084.4336458673924,27072.569052471703,15.767666804221982,226.1171666817463,60428.26755316969,65.22795662569116,473.0272921455556,3894.5596208602383,23.038209826114276
17,3087.8298433315194,4.31921883860665,224.71368524435238,3796.7907074913464,689.7750760700635,733.8644798848453,443.1628165774798,196.7345846384817,159.19185015792397,2073.5206255754674,4775.582563322401,2.6442195148278294,83.32349356800609,6802783.838476866,148126.4404445187,51644.4921178863,3156.4472204221956,20705.133607395022,1177.3424707715526,124.20987966744389,1491.8138753928386,661.3896972588464,32715.641419430478,6354.062650942932,1978.8363909251923,136841.81399031647,74.79638291158699,1754.6124763852072,83.29980846178553,153.0976118985056,1455.789796320813,174.90016526251125,3344.558883240953,3553.4628134090194,208.26882991948398,20538.194529406854,1982.8314660971469,86.60689985596541,4049.280018409284,114.61867433228545,1681.3992244288752,503.2761244585375,12327.371084803191,4500.63111253032,167.81472808810096,94.1539234480292,2790.688365727383,158.35368208612337,1388.8905303253757,132591.4892894633,72.30355452125167,48.99957587694115
18,2583.89608905168,2.577578447488466,117.55655151516345,1478.2894748389913,372.2628160653849,325.5682035513931,464.3737041640861,235.11428671427652,206.17834315541367,1734.734664272431,4965.904911666434,1.6132329323847752,42.50699381976313,182278.477476286,3503504.7337160134,3184.458186926144,921.7720787986475,98205.82831258856,693.7936547411122,114.7958148116198,1924.2849793781127,657.5361524279713,72897.4815386343,1969.3530695677641,1184.469916876071,8459.317555681848,36.968870723774295,526.5502869907805,43.667476726025434,149.32509430293527,1642.9345220621262,85.39050275743314,3790.4901737874393,4602.380464217122,89.08453254705313,112711.86812518502,781.3596898831041,46.80740742941318,5784.59802713775,115.18003592297859,1973.4963120176328,177.0262236396851,12278.114835981418,2288.6554467785895,83.27425931971243,91.90860436013055,3850.723303745193,85.41844825927222,2624.5085810215214,13684.80988659741,32.92611917651485,38.3757130842283
19,1057.3192624307994,5.0598035362622165,304.16451653745617,1922.6487797404081,924.5662137344722,1567.2140002134433,234.0594599745277,90.58651781147877,67.96544129116015,1100.4734077226144,1728.5683348941445,2.8545013525535166,136.15297348853076,81429.8210046934,8033.143260975373,1610357.2714638528,7732.527334262698,2478.6490360024954,718.6631553525917,75.45717978457728,642.0650210860194,369.60920902367224,6735.119850199398,37737.7959742448,781.2667053161119,24254.170606330223,138.06176936166267,41124.518514508345,119.23095045520182,87.3404598696897,712.1813793642132,256.35170573706563,1632.1292385172594,1353.7696530096864,592.5910690384461,4732.237408520754,2290.55085208873,123.02581383179687,1652.6410739207008,63.26578866714462,652.2640111366961,9702.441624877072,2634.8140685469853,4132.99898926629,281.12960671301545,53.506606708253436,1108.6916205131563,228.8643023074686,444.6889839503398,30811.56188588638,161.7356457259833,34.09214082121212
20,1399.7701099138721,6.372026927238267,926.8993793815589,8390.561774273683,2072.718144944359,9756.76658495556,163.12127715314028,64.3221640451846,47.3988807649323,1473.8408045811311,1903.197446400706,4.34593603422395,248.6184293740324,7279.663923005475,2737.219398884946,7404.870446417652,1457061.96480338,1660.868077363155,1840.2388595029017,53.3727823945522,443.03268798800855,261.6044546478317,2049.522455943301,3357.670176008935,1432.7232647616454,127868.0930739693,192.9419762788565,16339.937103801978,289.182861683982,60.42636811613613,494.56865141710654,1382.3371232605027,1044.9211271070035,1153.7206111074895,305.08437987983666,2233.5166749038895,42726.83136638443,201.93664347908123,1018.9382576461247,45.30127686613056,625.4897120083291,1186.3631649920478,2834.351785390032,20802.579575430012,703.8173071096497,35.13172382223097,811.9625011217385,344.00397880576367,280.9555329038198,2655.2412295686754,393.07867694520536,41.16101766291854
21,6589.644929523641,1.9536350879952376,98.7593275240714,2295.619281369787,301.4299161423998,242.21691520231616,404.388808237999,260.0087952318167,256.73808055634396,2707.926741547578,13622.548104629335,1.3445565404532809,30.967437526734876,21973.30670774619,123705.089036391,1183.0556399401448,693.0631441492268,2236943.2125293976,975.1632861359209,89.27988186520416,2282.359616660559,550.8413249105456,6409.473058133667,806.2170919819804,2361.7506796450803,8900.480938482391,25.190952388122835,315.85906243187185,34.73594054576082,118.8822226795472,1576.5140533437118,72.50225668226525,2988.2057030577357,13588.509003380834,48.739968474189574,91330.11667054407,760.4838481221021,35.094382946644785,5209.215152733052,99.52635800733941,5419.659018518512,96.65394687942097,88006.02403135523,2513.341983306443,62.82068239175822,68.22893418481576,13476.364859886997,62.570185309108865,13413.516478075071,2267.9234872554807,22.881301493631522,41.22259361532569
22,11702.801616821473,3.425236704525903,356.3437239453504,16890.424695357007,867.208904362003,623.0617415408826,162.58574051864173,74.21844923273646,55.897360457654415,9092.171479547767,6824.796089510486,3.1045473154809495,64.82213996220113,2599.7553252724306,1709.44942545905,690.3664382870945,1292.7629779740919,1844.35566009471,2457271.1803558343,47.485074797144726,510.65987027841146,253.22408435097427,1088.881111699793,564.1176343633321,57113.93998453148,3656.3710223992593,44.04849287990771,410.6465718081403,98.12024165982697,55.5276960207499,524.2193178440455,310.0041031417183,989.9340752963996,2128.243320473948,53.98355647008337,1815.6602441002872,4543.91932170848,73.91299594049967,1007.9600773746038,45.15754079422306,1514.086527036217,111.71973330106724,5801.650045719468,105995.38150437897,155.54014036727398,30.182048939196097,1087.3098270535065,121.80565042184557,321.1223458058699,751.6350270110108,45.94187146109119,73.18894500880522
23,235.11641222711515,2.5802479473870616,47.45100460463766,110.060617434544,187.4006035959519,88.14457263895179,7054.662718330375,433.03674004439694,191.90209702048418,677.4903020701012,646.1081114486401,1.4366089029758993,20.404741221143897,860.6309675259373,680.418747612607,176.0277077457349,92.67639203737372,441.2155614396857,117.73993846420227,671499.6798471189,2013.2918181677142,42827.2980907971,1521.9557712068852,289.6098927119257,113.66071239452927,274.754332445285,17.04638955269738,66.42235441466876,20.02568106378833,42866.24524813015,7063.080933301297,25.763347794073262,20678.202059633968,1281.3692587267738,27.78296387419828,1924.3086558758432,100.907359976933,27.75051022951702,6173.787916646526,3819.578602863268,435.3066606901804,33.597238129724445,469.85858961198994,464.5132438268989,33.32208124187521,5763.240094924249,2080.9959430859403,52.31073030109659,394.8025105213656,496.83589883185033,10.81783407583502,57.67638261135384
24,244.09080199923585,0.5574962285274653,16.877083500443366,76.09865763430525,59.16859142279893,33.572657256359655,1776.5673992808206,34458.91294933077,167569.0031132959,572.6549159908473,876.9838807614784,0.3644755450042523,6.056834738166237,635.9974751492999,753.1657501025014,92.94014551493038,48.76861750444738,752.6353139666479,79.55640504423855,147.52794304001463,3015094.303602414,1520.140440185116,1298.4864170123767,112.4494129436783,92.25834737248684,188.82758021744203,4.937470603083755,30.334526001982077,6.473987898732784,267.17187572888287,23925.434888976386,10.246724503211025,15424.59066024154,4885.240120655281,8.641780695018179,4340.178049558861,54.99292962294422,7.6627313267000305,95161.30066477017,312.61135129959655,870.7407508424403,12.800929018171706,697.7863175712001,247.34076024894273,10.97527644746253,135.31198506140126,259861.35168597565,13.970271246928586,19970.310800468702,262.92697567849643,3.666579900735582,19.72169346457857
25,138.86457412424653,0.9172269004511403,20.247673672324346,57.33845012386545,76.6777739578746,38.0544440842449,101062.48698362854,644.5108856745039,225.7914680642457,402.0757402328063,412.29931124259326,0.5512646912196802,8.087995851151064,453.34331138965575,397.9055940749311,83.65854881936356,44.220850808214074,282.9806982434155,62.146076709067415,8303.443147516939,2495.1880631109757,3710201.625595623,862.077943856706,124.66334260358212,62.71361107388015,141.41511423076952,6.668584892211344,30.22226073969896,8.238451366894246,84631.3743714495,18031.078428779023,11.374590468096212,65863.88184646389,1029.8966870471045,11.074613471394278,1341.1290414860202,49.00009414619388,10.758803208503991,9534.794394682804,122413.18024926384,308.85335458029556,14.378201762615204,294.4252760240695,226.6889106480989,13.729404823037386,5208.43363706955,2148.665052067245,19.991630232506388,340.36834253111977,237.74169191888333,4.47523071431486,28.041883563715725
26,1474.7910694389557,6.274935586492814,202.47556046705432,962.9542575042689,711.6204592323624,570.5327261683547,1350.154840940895,531.9116046411142,419.6301464831498,1910.9975997746278,3372.744397310007,3.359143672789417,92.84027277555776,70836.4008147728,80516.28325271835,4384.424950914918,998.917165154972,7274.034276936764,619.6120773618477,374.763766842902,4118.109881332109,1978.317978056741,5492645.153820725,7683.326973518721,744.7398249372313,4155.780021765522,89.11549034898893,819.8068856524037,83.32212862368822,480.97282175647473,4333.859804107377,133.43414478246214,13794.866535448966,4656.902796138311,295.05033568066744,129976.45278944031,792.8831784210432,103.66660736874661,16951.979820862518,332.8256490446507,1743.9857467668346,416.90424253122467,4256.1652912135705,2520.466615314657,163.92524164236642,330.31939501588437,5862.941543172755,197.7260580301389,3328.4007242737703,53132.48604047824,68.21216469759648,67.34029231651785
27,789.706930691263,11.363369199920983,410.8958617890176,990.4924391969121,1485.8221123763947,1843.3749651810926,358.75018568378135,118.58569888105087,83.36204905331907,1122.0273804347237,1452.8005909451913,5.110306565958078,274.5856794238833,15150.78887128435,4566.473737790126,26513.8361818556,2330.1353611237273,1612.1421294251252,557.4126171615189,134.36721454616637,799.7005087061168,597.0139484326166,8350.454752375079,3202783.241544069,535.6653193032087,4935.058128725118,357.1927986692765,4492.54085990898,189.65091828228978,146.74341364575292,1007.5723509041665,285.20847203565125,2439.749132941325,1351.4536136327588,16127.145124799212,4286.377996361381,1295.1378957187592,252.67257691898007,2113.9884717512905,99.94943961612722,618.9811409889026,11302.029958244782,1714.9246590629919,3322.4233676510385,462.50976542583277,92.88450766426104,1250.0475671084112,509.61128899140954,446.6429969819744,59289.8833824486,279.1977720231166,47.65520394455969
28,62619.74056034455,2.5946928890608696,212.06455119080235,18582.533974966784,558.4866563033586,420.72577148630626,179.82383783752493,88.5001059770439,69.67485518482646,12589.045064179949,14158.395067065227,2.1767392507942707,46.301148322926586,3954.912330347369,2848.9919251422925,753.4099449223962,1079.7507416518622,4121.997859307043,68610.41341741971,49.31557175768638,631.3759235418978,272.3884062478009,1384.5235109434823,561.9250107915072,1440452.8378266087,5376.199680468914,33.287868360460784,360.819554225356,63.51491322847952,59.3240497973189,603.3647706226276,172.91466832199345,1127.9409361608148,3179.1920462410026,46.85700679784115,2671.195426698512,2461.9587280884034,52.70623467237019,1240.6565797318217,48.83083315007042,2348.1384638235268,97.646932265799,63399.357335273184,16886.94806995814,105.32177008790205,32.445497291015755,1453.3862209270735,88.99691910839591,468.4765483203434,881.1883557513468,33.46650283090125,60.547846489388604
29,4059.8466466285013,4.723704798250777,386.4717841925038,43109.05858978347,1032.9965220823694,1523.8757930911752,258.89402469452074,113.78241290432216,89.08186035371526,2389.7210524879806,4729.766185558164,3.186139405383134,116.6996855755671,87386.90313823809,11258.179849687034,17911.29343073575,143716.48470044576,10326.138507221065,2697.956906204677,76.33377341518094,825.2017895849837,397.67113097839115,4568.022523882069,3966.4513451806456,4383.226858398951,3237241.448259633,97.33994118063733,7049.249968562877,129.42200607414208,90.62458662578673,832.7970747289188,369.27152156149873,1745.8062554908881,2509.3835159261266,210.36069478066076,5983.868161074258,17279.25755457947,112.91763814334206,1925.2304208171013,69.49090525949505,1368.7757684746293,718.7037990469549,17964.953011824244,12879.882965912899,267.87166851327925,53.031745243493134,1639.1378143549612,198.80962600730902,659.5620231464364,5557.311344275886,119.22411715550973,49.01170386356908
30,473.28306956132656,55.126397398500444,1999.3984434883052,585.3269075984039,12061.8821896201,7171.60449954822,178.69504593283008,57.244586257618465,38.49804667845916,907.2895246298945,842.3301964544298,18.53359676327392,22948.025458952154,2218.3121097195726,1053.2166825597556,1394.6253932425045,1215.6100013468943,581.6471799866974,478.73736641874984,72.50392473020472,366.78537919678405,310.45041115429393,1409.5879929719888,3102.0108514975423,353.3149824056282,1546.7866379561344,541077.9375251911,1511.8735932488607,1935.189302577699,74.56138397048323,485.2394354731538,915.0153313516815,1068.9385981101543,705.9128473523022,3787.477636600765,1266.0311964140983,1082.5102646806404,6166.599149957156,864.6721192030159,52.44982033279165,349.93169647481795,2083.1782294931795,793.544088856011,4069.756899735803,7647.924681978831,43.705176941142284,591.8735315270883,22019.26249146403,175.1894390229407,1592.930493027812,7734.268595731508,51.35194602522999
31,590.9720085628481,5.68026849427013,593.1731429098878,1452.7512133607033,1611.7449774328077,13519.869510804796,115.508005021558,42.73063341990661,30.864341898318155,732.6699132263733,914.0383206239743,3.2771512853248814,303.82478002949966,4932.853049177727,1713.5618649728956,27275.395548673976,15803.074136045792,852.3879280199054,599.4236011755045,39.87508349257892,290.9481080483696,188.37398021903002,1629.6173113680636,6251.570559444088,502.8459832677555,10620.255501269861,304.24504847673705,1048254.3782445935,237.02183477931638,44.33018723869125,340.0404170154801,624.0244607423261,745.4360480620318,652.2756406583495,613.2544758586615,1463.163162083738,3285.6902030716724,201.19367092056547,696.1236195914132,32.2767910720441,333.5397165700597,7375.547743858568,1190.5980572977317,5234.258227529424,781.7445541894296,26.310223628328774,504.2899404211916,362.5454745510162,174.42488438185708,2801.4098068886315,2469.3666320336847,25.32515845656478
32,488.7780037735734,41.746544267043255,91712.47460410146,606.2219062524032,461463.25066657114,7459.465507922259,130.69673020532306,44.11314257494691,29.800182972918677,1034.3156345474442,824.6453655126957,32.94735368756997,8770.248381105212,1373.0617698915094,720.2191334776956,702.0269374455881,996.7132074244578,463.10943061408665,628.5713469109938,50.59516131419071,281.7143714275484,225.03436833727767,828.1207935663183,1054.5187844151296,394.5279525802919,1177.2048328794997,1266.237088697782,734.2349625975846,1229761.2498663084,52.66335062800448,362.5415765377096,3940.121516857936,761.3622806849382,617.493935413761,264.17651160070153,883.448081475288,1279.764023790941,11113.917708942781,629.1643287760671,38.529889150015066,325.45196404921745,396.9626210343439,713.7290520629994,7501.674727123871,35926.05074623478,29.739691706632716,475.42664701729734,7522.713250740074,133.91499359576108,770.0384244401578,936.7245182690442,57.98625033183172
33,61.19739525727314,0.46781030215371844,9.867280358332168,26.749095669533638,37.7854739606058,18.827435271282173,9039.365256047164,204.34056124809732,79.97911738189896,169.5859100824094,175.7624609583484,0.2713569537384634,4.07714415180473,223.01197464179108,189.05959522805367,41.80326917297034,21.473954913630656,126.64052110384483,28.223462174071948,22391.625193222615,870.1684093134396,136079.44808022547,437.12290863501596,64.78634160434206,28.31654837219095,67.57470521721321,3.4033774099802416,15.02397257739127,4.070109245478072,614621.207176523,4631.469808878587,5.520161089138848,16996.69275460847,401.8289371656869,5.77608617130924,618.7674682853792,23.3512092907068,5.419112378963957,3183.066120077612,5625.418309113803,125.7285225925905,7.320851919579185,129.5790093271828,106.05724871235248,6.8360842027843125,10747.624541676389,784.904429552997,10.13900040758648,139.7218896497088,122.33927878769856,2.250386595483549,12.00599913323029
34,120.49874956427647,0.43406778025192577,11.568446356607522,42.3124853210965,41.865360749769,22.35355105977921,14166.428922713796,21381.100645276303,1191.4247116673012,324.59347285804137,399.7334456734195,0.2758424691555683,4.323064458819034,340.42632064553266,346.2925478889445,55.52385505410664,29.364039862908527,289.6768212211447,45.58026056308632,276.20932886622785,17869.346273320683,4728.287566846619,680.0058468554004,73.76380956367312,49.36098791454298,103.8239731185602,3.535215835281981,19.016242777021713,4.541441234033185,662.8400953717797,4479365.9837243315,6.78678434539445,696969.9835239425,1550.9141407308755,6.037519293868139,1483.4701481199538,32.9970455044222,5.590946389140018,238801.6538382865,1084.7149728812694,353.9868697687382,8.452112225209618,290.38491825082303,151.35162755709524,7.629327001102142,297.2738685976081,7111.417762710606,10.26509536073206,677.7825504173938,157.51767038166795,2.5163995137675803,15.299114050977238
35,822.5115537957755,13.95268819993035,23788.486438592412,1471.851022524239,16057.192233635027,28215.819257366766,133.2037715260792,48.6969054817982,34.00598343326621,1436.848323573694,1230.5080954828775,12.379406304490908,870.0965482836028,1962.4049797499047,1002.1111672528849,1070.440991954952,2916.765677061467,682.3982313074049,1421.504307932284,47.463360816998055,319.00958392141706,222.3828044803132,976.8785347065204,1214.2441785686242,774.8998125874452,2352.4807098769966,390.25761708111696,1359.008582620807,2810.8457829580498,51.29487377894067,385.3954284905942,1044039.540776076,795.3224311666185,793.1109250533742,219.00732893576856,1113.0596893547408,5113.774767336966,682.9735613125847,701.3135047454434,38.44321155201172,438.9097946299228,468.21045897434817,1170.1747465118256,91748.13071594453,4917.589585231367,28.916544800507452,565.4064817007105,974.9737507747302,166.5322528067826,942.7081012746752,702.848251200911,56.64329180306717
36,947.936306042407,4.642679905759964,116.87688925268732,413.4084931127089,429.9546646894641,246.17885672487498,193597.9803002988,4597.31672976219,1923.353514717611,2052.654339057628,2734.301397342553,2.696408091795089,47.953701842471425,5026.68644121293,4900.28230915962,744.6178630281045,328.70768085816815,2862.472488334135,386.0583355113096,4447.324674669294,22047.23665095677,65720.15280060547,17877.407732224943,1070.9385644247393,421.939809191528,1168.934969149013,41.06702581579873,229.71076066179884,47.40079050101409,12580.074792164163,565254.3326933011,69.26508955411158,10396204.334185522,6684.835916997529,79.95814068175497,31570.853373912876,337.2069857376337,60.59430432243125,155998.6722503357,11123.376696027397,1949.465369272953,107.92088057038063,2374.261446462099,1404.1130751613684,82.75284901906537,23366.596061624543,17063.42342269133,113.31635097433657,4609.817254869323,2649.708416449862,28.781867115392494,101.85945207542025
37,5456.282118866293,3.1397718248700786,121.32626433831778,820.374311818845,398.4625298683507,231.04445366848955,1689.05095978917,1897.0080777391036,1874.6596302633502,10787.531649902077,43910.18547555465,2.2992085653318317,37.49849211215952,3885.338089317888,5073.1932324253185,578.2987059746345,378.7738994979711,11058.874464977427,999.3612564086873,282.8093557375862,15214.480378039332,2107.2576836124294,4133.391121154723,591.2055765352619,1346.2306928420212,1644.9947493495436,29.174395364577038,203.7229407920315,43.52247196171382,404.11508716817383,8170.850200217862,77.10270963499524,10932.211470090235,5875145.9424744025,46.63456533078543,13802.951946554871,484.7534299654788,46.91257820525842,15610.031026793102,411.22859087537597,177974.54487649893,76.1943783342634,48344.310273422874,2392.902773624072,72.05930584466219,201.0918570182765,125046.87845699034,83.32568097371825,9133.342491055384,1261.7148940415611,23.285851188942743,154.0466340386374
38,473.20644743346037,16.879300018656316,597.0537529163173,604.2341237399658,2423.9657298096427,3160.8328658770515,202.5104018379685,65.08062104295047,44.56487835935426,778.2178812689378,856.9090597784976,6.572778653541513,713.9318107526037,4038.8178181884723,1626.5808530380564,3458.0930733876016,1429.6552407669394,742.7310192600681,401.4264169575872,80.16830782220036,426.370255649917,345.95983321530656,2512.7663675793783,38525.48010106546,337.7934362272555,2166.3918719132075,3101.0901113580053,2443.0828113561047,331.7661147672055,84.41366219708506,555.5401208278755,377.415481575025,1284.0328579185261,760.439153955157,363496.3333245298,1787.7685160454168,970.536679822937,522.9928022922114,1063.5234795271938,58.0610701925203,361.374314772084,7849.469015091475,903.0703654936801,2851.847987230087,1000.8394650221691,51.58574324224104,673.4243019765036,1146.2588561530422,217.47899256310185,4457.850915147168,942.430928912117,38.05855188457044
39,2406.0016154367236,3.459508037356241,128.81039003452997,954.196674685661,429.6192787914999,312.8284107937667,1611.737187789032,999.39115896819,1010.754257533824,2572.727495996038,6583.985518726871,2.149211469933654,47.78459045993866,21976.904389804546,98884.6441417392,1681.9249682338504,629.7746270277823,122050.19320793358,665.7440230407193,314.10958635167384,9860.974809936388,2049.8136311760645,129314.70540522074,1583.165679921338,944.6087028764267,3439.627315762431,40.98323962834439,389.04703269705567,49.03728178585284,454.58797603374177,6547.688985575038,86.2021074893481,18176.636737917597,12042.042941844542,89.48402353521011,6336216.699165375,604.1690532133169,55.693948569451656,97134.30891247849,362.4345883827058,3873.642940688163,150.782644579135,10127.65340916856,2145.6954100073626,89.60116521991414,287.37134717724786,16763.012509006265,102.21131981315689,43699.93929544638,6441.55576160115,33.27052672388576,65.70308504582428
40,2004.0211616364672,5.321390962726097,903.2009536935662,41602.09492630384,1849.3315851436644,3911.306590685308,148.49091607729432,60.81772125226483,45.05581872747689,1962.5800136139985,2388.9314934415543,4.122611571631086,170.3233365181656,4794.991030533142,2188.273092281926,2422.915405736013,29713.592513791322,1645.568618820526,4835.233065386319,47.2633549624424,418.4186021529148,236.65601712477635,1511.2536624160118,1566.2527841330875,2626.9190700014015,22079.61573036552,118.77911637620682,2552.2818205123367,242.9816371663156,53.85766333450336,457.1125635817037,1464.7430511191346,933.3661314576412,1236.0753050597239,154.088621194565,1913.4800582513687,2138232.301333349,155.9925068605417,920.6178426609383,41.31782947401089,714.5097967799674,435.20030999100214,3621.6115858624385,110161.67470849889,484.6314186274569,30.656875229347172,799.1574472505733,257.44820645506206,265.42367359550707,1535.3587640174796,183.7476737224119,45.48903812716183
41,148.62517516914662,47.05563747141133,1389.5899077179545,161.2438091263336,43619.095139076126,1270.4601641734907,54.75008728569362,17.4686596560523,11.577559150161306,331.8265003412808,267.10684092304564,19.409816742022844,13036.295356291963,489.8112021089363,257.2901643771435,242.44901120409997,254.67439874072406,157.56295692798048,162.30893657467988,22.504137058268995,110.07986765616913,96.18656100519846,329.33111328617804,435.29225498413155,111.02035913816967,350.52014996699916,1469.402825027725,220.03637961177165,5038.985908554607,22.826000199513448,147.5803136927474,347.4691673219008,315.8388090932231,220.1579550591737,133.75017581988652,331.7178392733786,288.45680373764134,2185385.033297397,250.65062903402548,16.329942393414346,111.68989880005961,150.12087859014426,227.12154353428284,1435.4566582445887,2566.8445141841235,12.99605069332446,179.48324685775913,239334.16757342705,49.860050403409424,303.81753242337084,298.9459916182833,22.030541099384358
42,1081.0031433050226,2.892772203882493,86.20390736829494,398.4991577765979,303.82673667048533,183.67998267838956,14210.09910513792,41117.615246725516,8959.03151970098,2055.2124087977422,3419.7592396186865,1.7919282186680938,32.73181136235035,4843.782508906914,6184.333321130789,615.6829671098932,278.8578891828356,4673.83568658686,365.9029488923631,893.107830739994,172787.13692505137,9834.436845597482,17236.494535271097,754.160761564404,434.3894590746946,1123.4519328070521,27.51009664162561,181.3076408471575,33.67501063447697,1786.7548993341707,356840.3584615032,53.09423758956418,191870.01373190086,11101.773755640581,52.989532376506375,130483.36663038218,292.510067657824,40.57442067318522,6555876.259078241,1885.1032378488287,2714.7927312998645,78.1673192729181,3274.1852311302287,1211.460568460702,58.76056334634564,1043.6095666292542,59849.11741660279,74.77404265551861,48578.61235923672,2073.923830154952,20.439310982227056,75.01370841771025
44,19.578692816948546,0.12004320134214322,2.713403392618022,7.875751870698649,10.21747817797239,5.081406955951525,28120.71616937935,108.85853864059074,35.72540283527694,57.47185801890059,59.0833694990919,0.07312305595910866,1.0691745323135935,61.0054730518377,54.36564652121167,11.1725632156,5.967785581508442,39.74714533863948,8.617891434501745,516.3421657190645,397.32668621768744,105110.79929856057,114.1878189161858,16.375308004282676,8.73551458981773,19.247524043971936,0.8778714707287258,4.038703961489867,1.0974592012679525,2623.808470897141,3198.6299507366953,1.5293747619127558,10684.321500032927,154.94245711499104,1.4495810551008805,184.80120052625713,6.6598867940548825,1.4205989870007028,1491.0356335046718,493766.40634328837,45.312210471027505,1.9017195637064555,41.65807365940371,30.997704649520795,1.8251883942637157,347.9659065251779,335.30304472690307,2.63269124980287,49.70214214598044,31.387145514188223,0.5933933863349985,3.8975472209881112
45,6812.111450064159,2.241776827761879,96.80905137426561,731.0850949748487,308.76536990579143,178.02786129908864,665.9473720424935,519.1246004032024,462.53999064487317,19207.015927317345,129097.085020936,1.7299724982147966,27.828293355967745,2537.311937795796,3065.430155533738,401.84572206866284,296.37346859285054,6078.937507118718,1064.7104146119332,133.85163091301186,3926.9683843837643,900.3169268515508,2187.2267349991935,395.19569590462584,1436.430191328887,1270.027229502168,21.152815040787385,150.64897124813552,33.634635597454505,179.4336153844309,2749.178100678427,62.496791396704644,4164.714976459933,241199.1783769689,32.16303957397903,6446.705297017361,409.0227730706097,34.739060955053475,5317.89112381998,170.88308030654147,2692099.2820377387,54.15850249629214,19858.044103125743,2195.3016904989054,54.84697048732695,90.97127785982043,15348.18614213501,60.956411355453014,2765.7000673131593,786.3728146974497,17.344396728054402,119.67632795555613
46,474.203829623845,9.469785084532496,631.1524108862327,772.0199369038951,2122.4647466102133,6858.1636177049195,142.4407685501752,49.07962880546027,34.51672497403291,690.9144775968489,803.5254328439795,4.551267894991456,586.6501909415055,4357.041600217739,1582.6203104837605,15855.67914653661,2739.832117503683,726.4368946465653,433.6362795695094,52.54546545823599,327.9574945700146,237.57724318883612,1973.527018198349,26719.1368388578,363.1957591125832,3356.7632619162673,1083.9373757042079,12016.972851994247,312.07507943961696,56.938667106063086,404.8679020660031,494.34624634949125,913.9974851452059,648.3188609268749,5829.255450602345,1522.8013950008842,1417.424054021544,352.26431799200014,804.4798160206353,40.28255484162629,318.1872794521908,431241.04970178084,924.3962849830937,3414.331324928829,1136.9960915837326,34.328982151940124,540.4079571940588,690.7770961756236,181.23264359195827,4018.882934775918,3062.47546395439,28.926697451341774
47,55019.89907850678,3.2677188347098296,200.13191485376112,41929.9336481329,574.8388181167774,471.1066035289406,469.6653556114764,290.4342555290785,268.7164036220688,6983.222344737696,96209.46498085905,2.4138560576693844,54.95129007692526,14399.829660249063,16039.110319962125,1561.0706123715302,1496.2688464320952,80684.08348838496,3946.9643815901395,109.8411312595798,2360.8973489385717,660.5491152700918,4561.700966735056,1062.4727441725688,98418.56357477323,16729.779490231373,42.700923902159616,548.5445932472263,66.27570828586124,141.486914844474,1769.2745076803908,156.00439958867932,3190.7239151191948,52976.57525643622,73.12367253099892,14682.512576254916,2246.369219511069,61.90533453722935,4502.50997872832,119.90195713886946,18279.131275676606,151.76561677842187,3631394.4044565824,7707.5511444060785,117.16500440248316,78.61468947192412,23052.24745932202,108.13069137097764,4046.2084257755414,2222.769681568881,41.03242311610733,74.4624328186019
48,9567.98697126199,35.20456182297254,21111.67005143981,28369.504552316015,21629.678456733414,16174.386137100752,674.4934805654462,270.6229178054044,194.5026727116612,14044.39661583682,11257.796811346283,35.03667952851051,1077.4667366244028,10372.072006255556,5818.542787473545,4213.526066685213,12949.92132623284,4815.583078846675,75611.22123724117,220.87827682530383,1804.1813524539011,1095.0586405007195,4663.680897494417,3915.0404409277,13373.85644764474,15416.739904026988,597.8226291350246,3883.53782396957,2693.3446556314866,246.59826376221815,2040.5626112577092,125338.45948426059,4039.93542779848,5539.624902219479,504.39591650975666,6280.962040891052,74538.43717550025,1106.9449811904324,3774.8178573367295,192.0306222099811,3395.4751235324065,1081.1953917561834,10656.423043221654,17490550.880642947,3585.610218255197,136.21687039351505,3445.595508351514,1671.6438087406234,1008.9614889486577,3899.5933084569456,784.803923271761,335.97678070980703
49,260.31859618587185,15.691358744729383,11616.347271413577,359.57854293178906,29758.838034219683,13569.778140368226,68.64806361442618,23.30580014876033,15.878977241482868,503.1609906878104,434.3815177458077,10.22749427724497,12039.99277614134,860.9735968521172,429.3991361806126,502.3333188958361,740.0487843892546,264.4269414791918,325.0692507755553,26.3266836619547,150.1804536479986,117.45401624703936,493.8638463948433,767.3165721915079,211.91444570385087,768.2803951864444,1279.656773898451,648.5815041828188,20076.20063076121,27.609217929909597,191.44414560523325,2650.7304707113894,406.63088029331016,325.5749484010067,225.37568419539195,505.05114749886474,818.9379437599852,1914.75718742716,340.41216730516805,20.07659946979489,170.00018456113122,387.0935271730631,399.8736958771702,3847.442663201596,1904181.4177951266,15.781977610980707,252.9591467070815,2477.3510069622494,73.60814546657386,502.3138336880859,4072.6760624118456,25.922548491189083
50,70.54232347325804,0.5576743608965944,11.748693515604202,32.18256600307307,45.04984944810755,23.113712742076547,5099.076350449482,202.88900205751023,85.93102293586838,182.0090782209762,198.03618490209954,0.3143537558522964,4.985475599202477,295.1941485389371,246.70337189966585,54.37087036884624,26.644201761746537,155.2445583470851,32.62739612967121,3988.583547941582,933.8497485326258,17348.473897056865,629.7737153462001,86.38677410193782,33.03326077028773,84.2621320282925,4.226559916727007,19.01208104807148,4.884735258900887,15253.835931565567,4250.657059815274,6.620944456278172,31095.780359745007,431.71608709803434,7.501422900692759,829.2946756564803,28.269757391123992,6.556169002929898,3596.2997005524358,1602.2041576078936,137.2469279200899,9.403669011987786,152.9560701221563,124.72441058848128,8.318972130057961,294059.2327622518,842.2006091941164,12.336284037985008,168.59551369752145,167.86543829533858,2.7897248784154676,12.128119560647244
51,1080.9745910711122,1.151777436131948,40.1770966648596,240.8349092956892,135.58022338735188,80.00621796646764,1368.8092184205066,3798.9176756322327,63237.493870753395,1972.0629088439518,4942.252800951694,0.7919583372264138,13.42580952427308,1636.5750935070207,2307.032059354754,226.3528510222716,129.1537300749732,8609.822693924514,253.9584869815515,168.73850399814023,120891.79450953066,1451.6573202933503,2373.4634545962335,243.016435047845,331.17752572348746,561.1974624747444,10.745205578688376,74.12696581541955,14.890365488977109,268.61348518475984,9637.3072569181,25.2488622155745,10110.89458736567,79695.2953563582,18.356414748647612,9485.132157944365,152.5729642310569,16.74864973441983,25198.086887149606,290.35061693020754,6407.006031678305,29.01940444552261,17135.416254346983,695.3878013400246,25.151992104135083,135.67765594889494,4751958.588788562,30.16120364290746,23585.18185156814,568.2470345193032,8.35792168118072,45.14685294270113
53,195.53356999814164,82.33044338606624,1152.7904648357478,209.74049516853248,14036.284945406689,1552.708475226011,79.56667320387417,24.936235223077453,16.470765127196394,429.5320346375959,356.6568363111917,20.809725632031327,85489.79027563207,712.5883126002745,369.10326981624087,358.2337001967709,340.11591254677785,219.27877633774665,202.48031170812803,33.31406028434766,156.95098782659176,140.44545261408985,492.1910966492232,698.299145163771,143.2278246145432,481.83638698547065,5982.434194964982,315.13343935280636,1839.0365300764777,33.571110924713544,212.7239832579964,358.5176822615598,460.53770880017026,303.02173179363484,246.36122763163914,478.19127621137176,363.3700864166565,194567.0489230037,361.8668792353241,23.75190207293652,151.359651977118,239.30384817798551,307.51593956394686,1683.6756717102062,2407.5095375318115,19.277593574298226,252.68085361047332,4298475.22787441,70.69815529006797,464.7947711932962,434.36398521120134,28.786336375173697
54,895.0304159755983,0.8913726586443618,33.09231160033418,234.92132650481219,110.05723188913757,71.96562102286501,646.1575282254643,797.5589442924444,1765.205978989918,1138.999542170099,3384.1097313510045,0.5904164670847234,11.396511863325982,2314.7132538698665,4259.861103868462,262.31951558973236,130.63355024242605,16429.231238807206,206.56098238004887,98.50366608624046,27378.10893834886,739.3616275573039,4166.833152889662,262.14961362854814,289.7213911920245,638.103584969781,9.361570251778222,75.68183021089094,12.312527608766992,150.53406086677887,3484.3067410764434,21.580153678262114,5499.894007480696,14699.393322884176,17.631669994520234,54282.440100886604,143.51826775333265,13.747519171799183,44204.216989943794,138.03414070408755,3034.347245485598,28.98611769254037,5534.272879564302,588.0206841697782,21.522377060209195,85.75221826895638,48396.295868001165,24.90182376980578,798760.6122917215,736.9659090223786,7.496240199358817,24.467128163910292
55,974.7356915488821,5.838098158397852,222.7439624667351,1001.2829597507986,763.4148657556891,799.4070635105728,455.0757090772784,165.19393790365308,122.73225990754788,1182.5138829464818,1877.483653851694,3.0052768848903644,111.91236790457157,190442.51565844906,18239.785064619376,24160.035248810305,1621.5326019912309,3067.261374125525,527.9463187875937,148.86952691876684,1178.607305787797,716.8913822198864,41670.51411687433,93861.21898906208,594.2585360950321,5807.493573254979,117.00917034680124,1800.6637254114178,93.38622460339475,174.47435415741273,1359.1954820129522,157.12082183347,3480.231124697026,1893.7152089644405,622.6679621755945,10511.91214991358,979.0577189799844,113.67618551979004,3426.4954435596205,120.75935449491091,822.0373834533251,1080.176262969132,2504.4075816067284,2559.108278728477,201.85465997363818,113.33001683217405,1849.959755624328,218.94302061723442,792.6538990213713,3069021.1619190914,98.13491797329891,42.2845314236179
56,300.77891126662377,13.673585933949225,1564.3632152448488,454.90892752383434,5675.574448777994,37750.326486898826,86.61730807356342,29.21782136184245,20.06766853145942,520.0494049076216,506.07089044739365,6.683606974808636,7789.084152244352,1400.495519585554,637.8171640158884,1057.0858235355452,1299.4953488868364,356.70258153230975,333.3778505775457,33.21483186306559,190.29545007847472,147.4641890785935,766.0886128793235,1834.894561050922,239.56423590859313,1223.5645646785058,6553.131645987357,3370.4043219759174,1060.5910342212337,35.04215561873262,241.74570701735212,1062.974333556297,526.623104552958,393.26873591837125,953.8166891703238,710.049049492759,1021.5193288294242,1025.1360910417686,444.93331094965083,25.08050175790632,199.77473636663004,3620.302564443663,507.47222513462333,3337.4204584246886,14566.825875574588,20.48277495425052,316.04101144637417,1892.505719904544,96.53450858358165,927.2465899035466,238055.9118538931,25.00557311713606
72,8.103368555045304,0.06708240153027133,1.782046537442696,3.0452125040724307,6.618420748361603,2.192202408622255,4.768946047502496,1.6612860415622397,1.0041662552177615,70.16941367559038,21.222030592430944,0.06724518677710985,0.4956089212751077,9.19753685747463,7.0663419042998905,2.321849258223092,1.9822430159178368,6.198927923793801,5.5999865491614855,1.6698894344802104,9.448762894773004,8.408382316689305,8.469446958532563,3.0795669797776712,4.21940543934564,5.1105570428563425,0.3413617246771043,1.164656510512655,0.6487289834787846,1.7604398599367341,13.161588896924766,0.8815235473057276,23.779815246015573,22.63284701568941,0.3609963607883581,13.070168695011235,2.8692941525615048,0.742353615510203,17.537459402318028,1.515313674789551,11.976031507883215,0.5054368565349158,9.749818542964272,20.224193462706246,0.8999739464735469,0.8302922625411101,16.57301363264344,1.2733839481195373,3.0009922081316964,4.187808532422359,0.23370319728602454,1894471.892483191
