model,use_ED_visits,training_horizon,season,reference_date,horizon,WIS,relative_WIS
oneStrain,TRUE,0,2023-2024,12/9/23,0,62.72810435,0.641037028
oneStrain,TRUE,0,2023-2024,12/9/23,1,139.3134783,0.612837001
oneStrain,TRUE,0,2023-2024,12/9/23,2,509.8757087,0.821691936
oneStrain,TRUE,0,2023-2024,12/9/23,3,888.4464217,0.853807586
oneStrain,TRUE,0,2023-2024,12/16/23,0,40.09180652,0.358976791
oneStrain,TRUE,0,2023-2024,12/16/23,1,335.8301739,0.751022243
oneStrain,TRUE,0,2023-2024,12/16/23,2,652.2792174,0.81557551
oneStrain,TRUE,0,2023-2024,12/16/23,3,192.563237,0.619692217
oneStrain,TRUE,0,2023-2024,12/23/23,0,255.2031848,0.850430184
oneStrain,TRUE,0,2023-2024,12/23/23,1,530.0443196,0.801800024
oneStrain,TRUE,0,2023-2024,12/23/23,2,117.7904913,0.553006764
oneStrain,TRUE,0,2023-2024,12/23/23,3,107.1469174,0.750072819
oneStrain,TRUE,0,2023-2024,12/30/23,0,118.2122348,0.45378299
oneStrain,TRUE,0,2023-2024,12/30/23,1,245.9762087,1.244755465
oneStrain,TRUE,0,2023-2024,12/30/23,2,345.7375674,0.963016508
oneStrain,TRUE,0,2023-2024,12/30/23,3,340.8733543,0.658887801
oneStrain,TRUE,0,2023-2024,1/6/24,0,191.6554739,0.504918281
oneStrain,TRUE,0,2023-2024,1/6/24,1,195.0366696,0.311172373
oneStrain,TRUE,0,2023-2024,1/6/24,2,197.3631435,0.25516351
oneStrain,TRUE,0,2023-2024,1/6/24,3,110.2788696,0.136893615
oneStrain,TRUE,0,2023-2024,1/13/24,0,52.75576739,0.241409449
oneStrain,TRUE,0,2023-2024,1/13/24,1,29.61805,0.077431462
oneStrain,TRUE,0,2023-2024,1/13/24,2,52.70462609,0.12055707
oneStrain,TRUE,0,2023-2024,1/13/24,3,48.12898043,0.093046842
oneStrain,TRUE,0,2023-2024,1/20/24,0,19.42810435,0.15183086
oneStrain,TRUE,0,2023-2024,1/20/24,1,38.9368,0.233077317
oneStrain,TRUE,0,2023-2024,1/20/24,2,36.9086413,0.159220737
oneStrain,TRUE,0,2023-2024,1/20/24,3,45.38306304,0.177352251
oneStrain,TRUE,0,2023-2024,1/27/24,0,42.53555652,0.774325769
oneStrain,TRUE,0,2023-2024,1/27/24,1,39.56751957,0.408445921
oneStrain,TRUE,0,2023-2024,1/27/24,2,57.43223478,0.480778226
oneStrain,TRUE,0,2023-2024,1/27/24,3,62.67500652,0.432038317
oneStrain,TRUE,0,2023-2024,2/3/24,0,14.53956522,0.21892747
oneStrain,TRUE,0,2023-2024,2/3/24,1,22.7661,0.243202798
oneStrain,TRUE,0,2023-2024,2/3/24,2,31.16631087,0.255284645
oneStrain,TRUE,0,2023-2024,2/3/24,3,91.3040413,0.771122674
oneStrain,TRUE,0,2023-2024,2/10/24,0,14.35663043,0.395774037
oneStrain,TRUE,0,2023-2024,2/10/24,1,14.00063043,0.220207215
oneStrain,TRUE,0,2023-2024,2/10/24,2,65.1341913,1.059916695
oneStrain,TRUE,0,2023-2024,2/10/24,3,69.88342391,0.875221901
oneStrain,TRUE,0,2023-2024,2/17/24,0,16.90506087,0.418525331
oneStrain,TRUE,0,2023-2024,2/17/24,1,44.25561739,0.98150839
oneStrain,TRUE,0,2023-2024,2/17/24,2,53.19239783,0.881998225
oneStrain,TRUE,0,2023-2024,2/17/24,3,56.99880435,0.726738948
oneStrain,TRUE,0,2023-2024,2/24/24,0,24.3427913,0.810765007
oneStrain,TRUE,0,2023-2024,2/24/24,1,23.87757391,0.700812798
oneStrain,TRUE,0,2023-2024,2/24/24,2,34.79457174,0.760537556
oneStrain,TRUE,0,2023-2024,2/24/24,3,16.06398043,0.200336197
oneStrain,TRUE,0,2023-2024,3/2/24,0,15.04086957,0.404325671
oneStrain,TRUE,0,2023-2024,3/2/24,1,13.28310435,0.238529217
oneStrain,TRUE,0,2023-2024,3/2/24,2,15.00142609,0.149065375
oneStrain,TRUE,0,2023-2024,3/2/24,3,12.38233696,0.109697533
oneStrain,TRUE,0,2023-2024,3/9/24,0,11.04838261,0.363297807
oneStrain,TRUE,0,2023-2024,3/9/24,1,17.67550217,0.252109811
oneStrain,TRUE,0,2023-2024,3/9/24,2,11.28491087,0.133991185
oneStrain,TRUE,0,2023-2024,3/9/24,3,36.91788696,0.531024062
oneStrain,TRUE,0,2023-2024,3/16/24,0,26.10086957,0.607355761
oneStrain,TRUE,0,2023-2024,3/16/24,1,11.82463261,0.211580844
oneStrain,TRUE,0,2023-2024,3/16/24,2,30.21468696,0.700771436
oneStrain,TRUE,0,2023-2024,3/16/24,3,31.42136522,0.513178998
oneStrain,TRUE,0,2023-2024,3/23/24,0,7.945936957,0.486666722
oneStrain,TRUE,0,2023-2024,3/23/24,1,34.42646739,1.704279847
oneStrain,TRUE,0,2023-2024,3/23/24,2,33.77788696,1.328314814
oneStrain,TRUE,0,2023-2024,3/23/24,3,28.78391957,0.858653203
oneStrain,TRUE,0,2023-2024,3/30/24,0,27.86434783,1.341041476
oneStrain,TRUE,0,2023-2024,3/30/24,1,29.03310435,1.701429386
oneStrain,TRUE,0,2023-2024,3/30/24,2,23.3873913,1.074236948
oneStrain,TRUE,0,2023-2024,3/30/24,3,8.937119565,0.225863753
oneStrain,TRUE,0,2023-2024,4/6/24,0,14.42565217,0.723303427
oneStrain,TRUE,0,2023-2024,4/6/24,1,12.43652174,0.3368229
oneStrain,TRUE,0,2023-2024,4/6/24,2,5.984076087,0.092705454
oneStrain,TRUE,0,2023-2024,4/6/24,3,10.86810435,0.179846182
oneStrain,TRUE,0,2023-2024,4/13/24,0,7.46673913,0.452781492
oneStrain,TRUE,0,2023-2024,4/13/24,1,11.08375652,0.276927416
oneStrain,TRUE,0,2023-2024,4/13/24,2,5.257826087,0.13480376
oneStrain,TRUE,0,2023-2024,4/13/24,3,6.672886957,0.1470103
oneStrain,TRUE,1,2023-2024,12/9/23,0,45.4298307,0.46426086
oneStrain,TRUE,1,2023-2024,12/9/23,1,95.33341151,0.419369631
oneStrain,TRUE,1,2023-2024,12/9/23,2,244.6830501,0.394319803
oneStrain,TRUE,1,2023-2024,12/9/23,3,393.6896999,0.378340487
oneStrain,TRUE,1,2023-2024,12/16/23,0,26.30380992,0.235520873
oneStrain,TRUE,1,2023-2024,12/16/23,1,163.7272204,0.366145731
oneStrain,TRUE,1,2023-2024,12/16/23,2,334.0288341,0.417652026
oneStrain,TRUE,1,2023-2024,12/16/23,3,189.2813937,0.609130841
oneStrain,TRUE,1,2023-2024,12/23/23,0,98.30307859,0.327581748
oneStrain,TRUE,1,2023-2024,12/23/23,1,218.8093854,0.330993775
oneStrain,TRUE,1,2023-2024,12/23/23,2,154.6036905,0.72583861
oneStrain,TRUE,1,2023-2024,12/23/23,3,132.5868994,0.928163234
oneStrain,TRUE,1,2023-2024,12/30/23,0,142.1516435,0.545679539
oneStrain,TRUE,1,2023-2024,12/30/23,1,103.2826652,0.52265893
oneStrain,TRUE,1,2023-2024,12/30/23,2,126.5710696,0.352550723
oneStrain,TRUE,1,2023-2024,12/30/23,3,133.2459283,0.257556408
oneStrain,TRUE,1,2023-2024,1/6/24,0,58.32892609,0.153668145
oneStrain,TRUE,1,2023-2024,1/6/24,1,118.6051283,0.189229232
oneStrain,TRUE,1,2023-2024,1/6/24,2,73.78468696,0.095393493
oneStrain,TRUE,1,2023-2024,1/6/24,3,74.52024348,0.092504988
oneStrain,TRUE,1,2023-2024,1/13/24,0,74.36108696,0.340275005
oneStrain,TRUE,1,2023-2024,1/13/24,1,32.03893913,0.083760474
oneStrain,TRUE,1,2023-2024,1/13/24,2,60.08088913,0.137429606
oneStrain,TRUE,1,2023-2024,1/13/24,3,70.9767087,0.13721792
oneStrain,TRUE,1,2023-2024,1/20/24,0,41.87806304,0.327277546
oneStrain,TRUE,1,2023-2024,1/20/24,1,95.61293261,0.572343022
oneStrain,TRUE,1,2023-2024,1/20/24,2,124.3692957,0.536518555
oneStrain,TRUE,1,2023-2024,1/20/24,3,91.90468261,0.359153861
oneStrain,TRUE,1,2023-2024,1/27/24,0,36.39114783,0.662471725
oneStrain,TRUE,1,2023-2024,1/27/24,1,25.30118043,0.261177957
oneStrain,TRUE,1,2023-2024,1/27/24,2,42.33534565,0.354398753
oneStrain,TRUE,1,2023-2024,1/27/24,3,48.80413696,0.336422098
oneStrain,TRUE,1,2023-2024,2/3/24,0,19.64152174,0.295749467
oneStrain,TRUE,1,2023-2024,2/3/24,1,35.87100217,0.38319818
oneStrain,TRUE,1,2023-2024,2/3/24,2,45.73765435,0.37463917
oneStrain,TRUE,1,2023-2024,2/3/24,3,72.63180435,0.613423353
oneStrain,TRUE,1,2023-2024,2/10/24,0,23.23325782,0.640478996
oneStrain,TRUE,1,2023-2024,2/10/24,1,21.84778187,0.343630183
oneStrain,TRUE,1,2023-2024,2/10/24,2,49.54390073,0.806218769
oneStrain,TRUE,1,2023-2024,2/10/24,3,56.72122022,0.710378104
oneStrain,TRUE,1,2023-2024,2/17/24,0,18.725,0.46358229
oneStrain,TRUE,1,2023-2024,2/17/24,1,50.35228913,1.116721382
oneStrain,TRUE,1,2023-2024,2/17/24,2,57.09937391,0.946780903
oneStrain,TRUE,1,2023-2024,2/17/24,3,59.5048913,0.758691741
oneStrain,TRUE,1,2023-2024,2/24/24,0,16.82702391,0.560443624
oneStrain,TRUE,1,2023-2024,2/24/24,1,23.17816522,0.680284977
oneStrain,TRUE,1,2023-2024,2/24/24,2,28.33756087,0.619400619
oneStrain,TRUE,1,2023-2024,2/24/24,3,31.52853261,0.393196838
oneStrain,TRUE,1,2023-2024,3/2/24,0,19.83153478,0.533107383
oneStrain,TRUE,1,2023-2024,3/2/24,1,22.08202391,0.396534405
oneStrain,TRUE,1,2023-2024,3/2/24,2,29.61773043,0.294303892
oneStrain,TRUE,1,2023-2024,3/2/24,3,23.32133696,0.206608264
oneStrain,TRUE,1,2023-2024,3/9/24,0,16.30528478,0.536157591
oneStrain,TRUE,1,2023-2024,3/9/24,1,30.57262174,0.436064436
oneStrain,TRUE,1,2023-2024,3/9/24,2,17.33533913,0.205830836
oneStrain,TRUE,1,2023-2024,3/9/24,3,55.98223478,0.805244182
oneStrain,TRUE,1,2023-2024,3/16/24,0,22.98586957,0.53487108
oneStrain,TRUE,1,2023-2024,3/16/24,1,12.40826087,0.222023837
oneStrain,TRUE,1,2023-2024,3/16/24,2,66.39554348,1.539916678
oneStrain,TRUE,1,2023-2024,3/16/24,3,64.51071957,1.053599873
oneStrain,TRUE,1,2023-2024,3/23/24,0,10.57478913,0.647676667
oneStrain,TRUE,1,2023-2024,3/23/24,1,57.90233696,2.86645112
oneStrain,TRUE,1,2023-2024,3/23/24,2,56.05415652,2.204328725
oneStrain,TRUE,1,2023-2024,3/23/24,3,47.83067826,1.426837127
oneStrain,TRUE,1,2023-2024,3/30/24,0,31.96543478,1.53841655
oneStrain,TRUE,1,2023-2024,3/30/24,1,34.27086957,2.008378569
oneStrain,TRUE,1,2023-2024,3/30/24,2,30.55093043,1.40327486
oneStrain,TRUE,1,2023-2024,3/30/24,3,15.1673913,0.383318573
oneStrain,TRUE,1,2023-2024,4/6/24,0,15.65637174,0.785011811
oneStrain,TRUE,1,2023-2024,4/6/24,1,18.8822,0.511393579
oneStrain,TRUE,1,2023-2024,4/6/24,2,9.837017391,0.152395315
oneStrain,TRUE,1,2023-2024,4/6/24,3,16.37453043,0.270966921
oneStrain,TRUE,1,2023-2024,4/13/24,0,8.423104348,0.510775278
oneStrain,TRUE,1,2023-2024,4/13/24,1,13.15211957,0.328605422
oneStrain,TRUE,1,2023-2024,4/13/24,2,6.1,0.156395993
oneStrain,TRUE,1,2023-2024,4/13/24,3,9.333043478,0.205616179
oneStrain,TRUE,2,2023-2024,12/9/23,0,52.06028478,0.532019429
oneStrain,TRUE,2,2023-2024,12/9/23,1,94.82979565,0.417154236
oneStrain,TRUE,2,2023-2024,12/9/23,2,221.1194391,0.356345786
oneStrain,TRUE,2,2023-2024,12/9/23,3,334.2507804,0.321218978
oneStrain,TRUE,2,2023-2024,12/16/23,0,30.51441522,0.273222082
oneStrain,TRUE,2,2023-2024,12/16/23,1,115.7383804,0.258827541
oneStrain,TRUE,2,2023-2024,12/16/23,2,228.574013,0.285796883
oneStrain,TRUE,2,2023-2024,12/16/23,3,131.3607435,0.422735054
oneStrain,TRUE,2,2023-2024,12/23/23,0,83.3727087,0.277828304
oneStrain,TRUE,2,2023-2024,12/23/23,1,189.1882522,0.286185776
oneStrain,TRUE,2,2023-2024,12/23/23,2,130.0759848,0.610685112
oneStrain,TRUE,2,2023-2024,12/23/23,3,100.0639783,0.70048931
oneStrain,TRUE,2,2023-2024,12/30/23,0,153.7223087,0.590096016
oneStrain,TRUE,2,2023-2024,12/30/23,1,81.98204348,0.414867752
oneStrain,TRUE,2,2023-2024,12/30/23,2,87.68274348,0.244231282
oneStrain,TRUE,2,2023-2024,12/30/23,3,75.35702391,0.145660619
oneStrain,TRUE,2,2023-2024,1/6/24,0,62.85580652,0.165594257
oneStrain,TRUE,2,2023-2024,1/6/24,1,105.5843804,0.168455205
oneStrain,TRUE,2,2023-2024,1/6/24,2,68.06165435,0.087994396
oneStrain,TRUE,2,2023-2024,1/6/24,3,66.6316913,0.082712609
oneStrain,TRUE,2,2023-2024,1/13/24,0,79.45338913,0.363577289
oneStrain,TRUE,2,2023-2024,1/13/24,1,31.53962609,0.082455103
oneStrain,TRUE,2,2023-2024,1/13/24,2,45.82955652,0.10483097
oneStrain,TRUE,2,2023-2024,1/13/24,3,43.6461,0.084380174
oneStrain,TRUE,2,2023-2024,1/20/24,0,26.07892609,0.203807108
oneStrain,TRUE,2,2023-2024,1/20/24,1,45.82204348,0.274292673
oneStrain,TRUE,2,2023-2024,1/20/24,2,69.98797826,0.301922181
oneStrain,TRUE,2,2023-2024,1/20/24,3,67.4212087,0.263475012
oneStrain,TRUE,2,2023-2024,1/27/24,0,40.76425217,0.742080591
oneStrain,TRUE,2,2023-2024,1/27/24,1,22.35593043,0.230774855
oneStrain,TRUE,2,2023-2024,1/27/24,2,27.81079348,0.232810442
oneStrain,TRUE,2,2023-2024,1/27/24,3,31.92116087,0.220042492
oneStrain,TRUE,2,2023-2024,2/3/24,0,26.9079,0.405161942
oneStrain,TRUE,2,2023-2024,2/3/24,1,36.59262174,0.390907006
oneStrain,TRUE,2,2023-2024,2/3/24,2,40.57444783,0.332347115
oneStrain,TRUE,2,2023-2024,2/3/24,3,46.63862609,0.393893869
oneStrain,TRUE,2,2023-2024,2/10/24,0,23.0691913,0.635956119
oneStrain,TRUE,2,2023-2024,2/10/24,1,22.25006087,0.349957379
oneStrain,TRUE,2,2023-2024,2/10/24,2,50.46451739,0.821199794
oneStrain,TRUE,2,2023-2024,2/10/24,3,58.41307609,0.731566953
oneStrain,TRUE,2,2023-2024,2/17/24,0,18.92673913,0.468576826
oneStrain,TRUE,2,2023-2024,2/17/24,1,48.08501304,1.066437359
oneStrain,TRUE,2,2023-2024,2/17/24,2,57.65887174,0.956058095
oneStrain,TRUE,2,2023-2024,2/17/24,3,62.69486957,0.799364199
oneStrain,TRUE,2,2023-2024,2/24/24,0,18.12561739,0.603694791
oneStrain,TRUE,2,2023-2024,2/24/24,1,19.72550217,0.578948448
oneStrain,TRUE,2,2023-2024,2/24/24,2,24.99506739,0.546340607
oneStrain,TRUE,2,2023-2024,2/24/24,3,19.29431304,0.240622137
oneStrain,TRUE,2,2023-2024,3/2/24,0,18.25370217,0.4906924
oneStrain,TRUE,2,2023-2024,3/2/24,1,17.72273043,0.318253091
oneStrain,TRUE,2,2023-2024,3/2/24,2,22.80636522,0.226621079
oneStrain,TRUE,2,2023-2024,3/2/24,3,17.76040652,0.157342899
oneStrain,TRUE,2,2023-2024,3/9/24,0,15.90891957,0.523124134
oneStrain,TRUE,2,2023-2024,3/9/24,1,28.1491913,0.401498482
oneStrain,TRUE,2,2023-2024,3/9/24,2,18.26843043,0.216909878
oneStrain,TRUE,2,2023-2024,3/9/24,3,36.05432609,0.518602668
oneStrain,TRUE,2,2023-2024,3/16/24,0,27.33043478,0.635967203
oneStrain,TRUE,2,2023-2024,3/16/24,1,13.63838261,0.244034686
oneStrain,TRUE,2,2023-2024,3/16/24,2,34.35440652,0.796784254
oneStrain,TRUE,2,2023-2024,3/16/24,3,33.42361957,0.545880151
oneStrain,TRUE,2,2023-2024,3/23/24,0,10.59201739,0.64873185
oneStrain,TRUE,2,2023-2024,3/23/24,1,36.54297391,1.809057354
oneStrain,TRUE,2,2023-2024,3/23/24,2,35.04310435,1.378069466
oneStrain,TRUE,2,2023-2024,3/23/24,3,30.86054348,0.920600978
oneStrain,TRUE,2,2023-2024,3/30/24,0,29.66369565,1.427639594
oneStrain,TRUE,2,2023-2024,3/30/24,1,27.3154413,1.600769038
oneStrain,TRUE,2,2023-2024,3/30/24,2,22.79832174,1.047179621
oneStrain,TRUE,2,2023-2024,3/30/24,3,11.2486413,0.284281789
oneStrain,TRUE,2,2023-2024,4/6/24,0,12.68456522,0.636005179
oneStrain,TRUE,2,2023-2024,4/6/24,1,12.6688587,0.343115368
oneStrain,TRUE,2,2023-2024,4/6/24,2,8.635963043,0.133788552
oneStrain,TRUE,2,2023-2024,4/6/24,3,14.72376304,0.243649903
oneStrain,TRUE,2,2023-2024,4/13/24,0,8.011093478,0.485791025
oneStrain,TRUE,2,2023-2024,4/13/24,1,10.49490435,0.262214957
oneStrain,TRUE,2,2023-2024,4/13/24,2,8.125278261,0.20832147
oneStrain,TRUE,2,2023-2024,4/13/24,3,13.06006087,0.287726059
oneStrain,TRUE,3,2023-2024,12/9/23,0,47.76762147,0.488151434
oneStrain,TRUE,3,2023-2024,12/9/23,1,84.21360282,0.370453832
oneStrain,TRUE,3,2023-2024,12/9/23,2,167.9189888,0.270610418
oneStrain,TRUE,3,2023-2024,12/9/23,3,208.731848,0.20059379
oneStrain,TRUE,3,2023-2024,12/16/23,0,26.17484701,0.234366156
oneStrain,TRUE,3,2023-2024,12/16/23,1,73.15883721,0.163606246
oneStrain,TRUE,3,2023-2024,12/16/23,2,139.938788,0.174972075
oneStrain,TRUE,3,2023-2024,12/16/23,3,209.4850687,0.674148756
oneStrain,TRUE,3,2023-2024,12/23/23,0,48.13463261,0.160402169
oneStrain,TRUE,3,2023-2024,12/23/23,1,106.5099522,0.161118003
oneStrain,TRUE,3,2023-2024,12/23/23,2,211.0711022,0.990943715
oneStrain,TRUE,3,2023-2024,12/23/23,3,203.4679674,1.424360081
oneStrain,TRUE,3,2023-2024,12/30/23,0,107.615937,0.41310683
oneStrain,TRUE,3,2023-2024,12/30/23,1,151.3140391,0.765720303
oneStrain,TRUE,3,2023-2024,12/30/23,2,198.147463,0.551919421
oneStrain,TRUE,3,2023-2024,12/30/23,3,218.0677435,0.421511902
oneStrain,TRUE,3,2023-2024,1/6/24,0,73.16290435,0.19274841
oneStrain,TRUE,3,2023-2024,1/6/24,1,122.1903,0.194949215
oneStrain,TRUE,3,2023-2024,1/6/24,2,63.29870217,0.081836551
oneStrain,TRUE,3,2023-2024,1/6/24,3,61.25125652,0.076033658
oneStrain,TRUE,3,2023-2024,1/13/24,0,86.82957826,0.397330599
oneStrain,TRUE,3,2023-2024,1/13/24,1,26.75039348,0.069934451
oneStrain,TRUE,3,2023-2024,1/13/24,2,43.39235,0.09925608
oneStrain,TRUE,3,2023-2024,1/13/24,3,64.84186739,0.125357548
oneStrain,TRUE,3,2023-2024,1/20/24,0,32.46883043,0.253744285
oneStrain,TRUE,3,2023-2024,1/20/24,1,59.9473,0.35884705
oneStrain,TRUE,3,2023-2024,1/20/24,2,95.56719348,0.412268738
oneStrain,TRUE,3,2023-2024,1/20/24,3,97.77942174,0.382111725
oneStrain,TRUE,3,2023-2024,1/27/24,0,34.66587609,0.631064534
oneStrain,TRUE,3,2023-2024,1/27/24,1,19.19991087,0.19819603
oneStrain,TRUE,3,2023-2024,1/27/24,2,18.95251957,0.158655828
oneStrain,TRUE,3,2023-2024,1/27/24,3,22.4545913,0.154786483
oneStrain,TRUE,3,2023-2024,2/3/24,0,31.75496522,0.478145949
oneStrain,TRUE,3,2023-2024,2/3/24,1,40.16353913,0.429053948
oneStrain,TRUE,3,2023-2024,2/3/24,2,45.38957174,0.37178801
oneStrain,TRUE,3,2023-2024,2/3/24,3,35.29115435,0.298057007
oneStrain,TRUE,3,2023-2024,2/10/24,0,27.75799565,0.765213958
oneStrain,TRUE,3,2023-2024,2/10/24,1,26.08828696,0.410326452
oneStrain,TRUE,3,2023-2024,2/10/24,2,43.52457174,0.708267337
oneStrain,TRUE,3,2023-2024,2/10/24,3,50.62732826,0.634058036
oneStrain,TRUE,3,2023-2024,2/17/24,0,18.26338261,0.452153844
oneStrain,TRUE,3,2023-2024,2/17/24,1,47.76881739,1.059424719
oneStrain,TRUE,3,2023-2024,2/17/24,2,52.46433913,0.869926078
oneStrain,TRUE,3,2023-2024,2/17/24,3,56.22116087,0.716823937
oneStrain,TRUE,3,2023-2024,2/24/24,0,17.03891957,0.567501055
oneStrain,TRUE,3,2023-2024,2/24/24,1,19.26071957,0.565306962
oneStrain,TRUE,3,2023-2024,2/24/24,2,24.55016957,0.536616059
oneStrain,TRUE,3,2023-2024,2/24/24,3,19.82754565,0.247272157
oneStrain,TRUE,3,2023-2024,3/2/24,0,19.44571304,0.522735799
oneStrain,TRUE,3,2023-2024,3/2/24,1,16.8209913,0.302060255
oneStrain,TRUE,3,2023-2024,3/2/24,2,26.78165,0.266122478
oneStrain,TRUE,3,2023-2024,3/2/24,3,18.88779783,0.167330678
oneStrain,TRUE,3,2023-2024,3/9/24,0,14.12842391,0.464577088
oneStrain,TRUE,3,2023-2024,3/9/24,1,25.33016957,0.361290118
oneStrain,TRUE,3,2023-2024,3/9/24,2,17.00608696,0.201921466
oneStrain,TRUE,3,2023-2024,3/9/24,3,34.86289348,0.501465193
oneStrain,TRUE,3,2023-2024,3/16/24,0,30.03158261,0.698821725
oneStrain,TRUE,3,2023-2024,3/16/24,1,16.3468,0.292497015
oneStrain,TRUE,3,2023-2024,3/16/24,2,30.34104565,0.703702083
oneStrain,TRUE,3,2023-2024,3/16/24,3,31.58910217,0.515918506
oneStrain,TRUE,3,2023-2024,3/23/24,0,11.50668478,0.704752705
oneStrain,TRUE,3,2023-2024,3/23/24,1,33.03664348,1.635476712
oneStrain,TRUE,3,2023-2024,3/23/24,2,33.38524348,1.312874116
oneStrain,TRUE,3,2023-2024,3/23/24,3,30.0580087,0.89666056
oneStrain,TRUE,3,2023-2024,3/30/24,0,27.31956522,1.31482245
oneStrain,TRUE,3,2023-2024,3/30/24,1,30.03745217,1.760287264
oneStrain,TRUE,3,2023-2024,3/30/24,2,27.79929348,1.276885814
oneStrain,TRUE,3,2023-2024,3/30/24,3,12.38208478,0.31292679
oneStrain,TRUE,3,2023-2024,4/6/24,0,14.11745217,0.707850253
oneStrain,TRUE,3,2023-2024,4/6/24,1,16.89093043,0.457463292
oneStrain,TRUE,3,2023-2024,4/6/24,2,7.941956522,0.123036985
oneStrain,TRUE,3,2023-2024,4/6/24,3,18.86103261,0.31211374
oneStrain,TRUE,3,2023-2024,4/13/24,0,7.464626087,0.452653358
oneStrain,TRUE,3,2023-2024,4/13/24,1,9.555495652,0.238743851
oneStrain,TRUE,3,2023-2024,4/13/24,2,7.441304348,0.190785276
oneStrain,TRUE,3,2023-2024,4/13/24,3,11.94190217,0.263091917
oneStrain,TRUE,4,2023-2024,12/9/23,0,38.17791304,0.390151371
oneStrain,TRUE,4,2023-2024,12/9/23,1,65.81016957,0.289497524
oneStrain,TRUE,4,2023-2024,12/9/23,2,141.8573283,0.228610661
oneStrain,TRUE,4,2023-2024,12/9/23,3,185.2639652,0.178040876
oneStrain,TRUE,4,2023-2024,12/16/23,0,27.70674565,0.248082576
oneStrain,TRUE,4,2023-2024,12/16/23,1,70.78996522,0.158308701
oneStrain,TRUE,4,2023-2024,12/16/23,2,121.4578043,0.151864429
oneStrain,TRUE,4,2023-2024,12/16/23,3,150.608713,0.484677391
oneStrain,TRUE,4,2023-2024,12/23/23,0,49.6019087,0.165291669
oneStrain,TRUE,4,2023-2024,12/23/23,1,96.5207587,0.146007313
oneStrain,TRUE,4,2023-2024,12/23/23,2,163.7619826,0.768835268
oneStrain,TRUE,4,2023-2024,12/23/23,3,154.0233283,1.078227119
oneStrain,TRUE,4,2023-2024,12/30/23,0,119.8481043,0.460062625
oneStrain,TRUE,4,2023-2024,12/30/23,1,102.1519478,0.516936967
oneStrain,TRUE,4,2023-2024,12/30/23,2,121.0179652,0.337083121
oneStrain,TRUE,4,2023-2024,12/30/23,3,120.8461739,0.233588424
oneStrain,TRUE,4,2023-2024,1/6/24,0,53.33845,0.140520685
oneStrain,TRUE,4,2023-2024,1/6/24,1,79.77671739,0.127280221
oneStrain,TRUE,4,2023-2024,1/6/24,2,51.07043261,0.066027074
oneStrain,TRUE,4,2023-2024,1/6/24,3,60.32305652,0.074881446
oneStrain,TRUE,4,2023-2024,1/13/24,0,79.16559783,0.362260361
oneStrain,TRUE,4,2023-2024,1/13/24,1,35.16953696,0.091944901
oneStrain,TRUE,4,2023-2024,1/13/24,2,55.26068478,0.126403824
oneStrain,TRUE,4,2023-2024,1/13/24,3,46.11409565,0.089151503
oneStrain,TRUE,4,2023-2024,1/20/24,0,23.49583478,0.18362022
oneStrain,TRUE,4,2023-2024,1/20/24,1,46.21958696,0.276672385
oneStrain,TRUE,4,2023-2024,1/20/24,2,52.4457913,0.226246679
oneStrain,TRUE,4,2023-2024,1/20/24,3,57.57588478,0.225000519
oneStrain,TRUE,4,2023-2024,1/27/24,0,44.79445652,0.815447236
oneStrain,TRUE,4,2023-2024,1/27/24,1,23.62409565,0.243865817
oneStrain,TRUE,4,2023-2024,1/27/24,2,25.32872174,0.212032458
oneStrain,TRUE,4,2023-2024,1/27/24,3,27.9130087,0.192413052
oneStrain,TRUE,4,2023-2024,2/3/24,0,28.28533913,0.425902539
oneStrain,TRUE,4,2023-2024,2/3/24,1,42.67115435,0.455841981
oneStrain,TRUE,4,2023-2024,2/3/24,2,47.57594348,0.389696679
oneStrain,TRUE,4,2023-2024,2/3/24,3,39.87672391,0.336785158
oneStrain,TRUE,4,2023-2024,2/10/24,0,26.1729,0.721517096
oneStrain,TRUE,4,2023-2024,2/10/24,1,26.02338261,0.409305611
oneStrain,TRUE,4,2023-2024,2/10/24,2,41.00609348,0.667284604
oneStrain,TRUE,4,2023-2024,2/10/24,3,50.23823261,0.629184991
oneStrain,TRUE,4,2023-2024,2/17/24,0,19.3376087,0.478748887
oneStrain,TRUE,4,2023-2024,2/17/24,1,43.76017609,0.970520411
oneStrain,TRUE,4,2023-2024,2/17/24,2,51.56202391,0.854964533
oneStrain,TRUE,4,2023-2024,2/17/24,3,54.99261522,0.701159889
oneStrain,TRUE,4,2023-2024,2/24/24,0,19.21923043,0.640118847
oneStrain,TRUE,4,2023-2024,2/24/24,1,19.41684783,0.569889366
oneStrain,TRUE,4,2023-2024,2/24/24,2,25.54400652,0.558339284
oneStrain,TRUE,4,2023-2024,2/24/24,3,16.13891087,0.201270665
oneStrain,TRUE,4,2023-2024,3/2/24,0,16.72137174,0.449500597
oneStrain,TRUE,4,2023-2024,3/2/24,1,14.70993043,0.264151218
oneStrain,TRUE,4,2023-2024,3/2/24,2,17.47075217,0.173602443
oneStrain,TRUE,4,2023-2024,3/2/24,3,15.76214565,0.139639917
oneStrain,TRUE,4,2023-2024,3/9/24,0,12.86637174,0.42307773
oneStrain,TRUE,4,2023-2024,3/9/24,1,23.48466522,0.334967259
oneStrain,TRUE,4,2023-2024,3/9/24,2,17.73268261,0.210548686
oneStrain,TRUE,4,2023-2024,3/9/24,3,33.37951739,0.480128424
oneStrain,TRUE,4,2023-2024,3/16/24,0,29.41071304,0.684374363
oneStrain,TRUE,4,2023-2024,3/16/24,1,16.87838913,0.30200886
oneStrain,TRUE,4,2023-2024,3/16/24,2,28.47571304,0.660439288
oneStrain,TRUE,4,2023-2024,3/16/24,3,29.47820652,0.481443004
oneStrain,TRUE,4,2023-2024,3/23/24,0,12.2109913,0.747889537
oneStrain,TRUE,4,2023-2024,3/23/24,1,30.80717391,1.525106978
oneStrain,TRUE,4,2023-2024,3/23/24,2,32.02614783,1.259427703
oneStrain,TRUE,4,2023-2024,3/23/24,3,31.55223478,0.941234824
oneStrain,TRUE,4,2023-2024,3/30/24,0,28.89012174,1.390409413
oneStrain,TRUE,4,2023-2024,3/30/24,1,33.50898043,1.963729518
oneStrain,TRUE,4,2023-2024,3/30/24,2,30.68565217,1.409462941
oneStrain,TRUE,4,2023-2024,3/30/24,3,13.61826087,0.344168105
oneStrain,TRUE,4,2023-2024,4/6/24,0,17.25798913,0.865317043
oneStrain,TRUE,4,2023-2024,4/6/24,1,19.95201739,0.540367838
oneStrain,TRUE,4,2023-2024,4/6/24,2,8.442730435,0.130794987
oneStrain,TRUE,4,2023-2024,4/6/24,3,19.27,0.318881363
oneStrain,TRUE,4,2023-2024,4/13/24,0,7.02326087,0.425889063
oneStrain,TRUE,4,2023-2024,4/13/24,1,7.162065217,0.178944044
oneStrain,TRUE,4,2023-2024,4/13/24,2,7.367391304,0.188890243
oneStrain,TRUE,4,2023-2024,4/13/24,3,11.15695652,0.245798788
oneStrain,TRUE,5,2023-2024,12/9/23,0,46.72322609,0.477478449
oneStrain,TRUE,5,2023-2024,12/9/23,1,86.76673043,0.381684985
oneStrain,TRUE,5,2023-2024,12/9/23,2,210.7668957,0.339662109
oneStrain,TRUE,5,2023-2024,12/9/23,3,295.4874,0.283966908
oneStrain,TRUE,5,2023-2024,12/16/23,0,34.44881739,0.308450204
oneStrain,TRUE,5,2023-2024,12/16/23,1,119.9667913,0.268283602
oneStrain,TRUE,5,2023-2024,12/16/23,2,209.076337,0.261418018
oneStrain,TRUE,5,2023-2024,12/16/23,3,123.047063,0.395980606
oneStrain,TRUE,5,2023-2024,12/23/23,0,62.74585435,0.209092095
oneStrain,TRUE,5,2023-2024,12/23/23,1,123.0458,0.186131842
oneStrain,TRUE,5,2023-2024,12/23/23,2,153.8114261,0.722119061
oneStrain,TRUE,5,2023-2024,12/23/23,3,151.7530304,1.062334094
oneStrain,TRUE,5,2023-2024,12/30/23,0,100.4264196,0.385508327
oneStrain,TRUE,5,2023-2024,12/30/23,1,111.6669065,0.56508714
oneStrain,TRUE,5,2023-2024,12/30/23,2,134.2214391,0.373860043
oneStrain,TRUE,5,2023-2024,12/30/23,3,154.2551196,0.298165918
oneStrain,TRUE,5,2023-2024,1/6/24,0,57.13307391,0.15051766
oneStrain,TRUE,5,2023-2024,1/6/24,1,71.8144587,0.11457679
oneStrain,TRUE,5,2023-2024,1/6/24,2,54.13621957,0.069990716
oneStrain,TRUE,5,2023-2024,1/6/24,3,54.87178478,0.068114563
oneStrain,TRUE,5,2023-2024,1/13/24,0,85.25261522,0.390114444
oneStrain,TRUE,5,2023-2024,1/13/24,1,27.3690413,0.071551803
oneStrain,TRUE,5,2023-2024,1/13/24,2,39.85425,0.091162996
oneStrain,TRUE,5,2023-2024,1/13/24,3,37.76440217,0.0730092
oneStrain,TRUE,5,2023-2024,1/20/24,0,20.44050217,0.15974276
oneStrain,TRUE,5,2023-2024,1/20/24,1,34.37820652,0.205789385
oneStrain,TRUE,5,2023-2024,1/20/24,2,52.48686739,0.226423878
oneStrain,TRUE,5,2023-2024,1/20/24,3,68.79523043,0.268844545
oneStrain,TRUE,5,2023-2024,1/27/24,0,35.21522391,0.641064972
oneStrain,TRUE,5,2023-2024,1/27/24,1,19.53984348,0.201705071
oneStrain,TRUE,5,2023-2024,1/27/24,2,27.41131087,0.229466283
oneStrain,TRUE,5,2023-2024,1/27/24,3,37.29701522,0.257099929
oneStrain,TRUE,5,2023-2024,2/3/24,0,31.87316522,0.479925729
oneStrain,TRUE,5,2023-2024,2/3/24,1,56.27220652,0.601137572
oneStrain,TRUE,5,2023-2024,2/3/24,2,64.70855217,0.530030642
oneStrain,TRUE,5,2023-2024,2/3/24,3,41.39815652,0.349634657
oneStrain,TRUE,5,2023-2024,2/10/24,0,29.94695652,0.825557775
oneStrain,TRUE,5,2023-2024,2/10/24,1,34.49556304,0.542559272
oneStrain,TRUE,5,2023-2024,2/10/24,2,34.31920435,0.558470089
oneStrain,TRUE,5,2023-2024,2/10/24,3,39.43142609,0.493840252
oneStrain,TRUE,5,2023-2024,2/17/24,0,20.94701739,0.51859366
oneStrain,TRUE,5,2023-2024,2/17/24,1,33.87827391,0.751357953
oneStrain,TRUE,5,2023-2024,2/17/24,2,37.48941304,0.621622584
oneStrain,TRUE,5,2023-2024,2/17/24,3,41.87689348,0.533933472
oneStrain,TRUE,5,2023-2024,2/24/24,0,15.9124587,0.529982964
oneStrain,TRUE,5,2023-2024,2/24/24,1,22.70165,0.666299135
oneStrain,TRUE,5,2023-2024,2/24/24,2,23.67461957,0.517478342
oneStrain,TRUE,5,2023-2024,2/24/24,3,22.34115435,0.27861973
oneStrain,TRUE,5,2023-2024,3/2/24,0,18.19609348,0.489143774
oneStrain,TRUE,5,2023-2024,3/2/24,1,17.15810435,0.308113909
oneStrain,TRUE,5,2023-2024,3/2/24,2,21.12566522,0.209920389
oneStrain,TRUE,5,2023-2024,3/2/24,3,19.47832826,0.172562302
oneStrain,TRUE,5,2023-2024,3/9/24,0,12.87848478,0.423476036
oneStrain,TRUE,5,2023-2024,3/9/24,1,24.40305,0.348066395
oneStrain,TRUE,5,2023-2024,3/9/24,2,17.65288696,0.209601234
oneStrain,TRUE,5,2023-2024,3/9/24,3,30.34789348,0.436521778
oneStrain,TRUE,5,2023-2024,3/16/24,0,26.53316522,0.617415091
oneStrain,TRUE,5,2023-2024,3/16/24,1,15.84652826,0.283545539
oneStrain,TRUE,5,2023-2024,3/16/24,2,29.41773043,0.682287566
oneStrain,TRUE,5,2023-2024,3/16/24,3,30.94636522,0.505421218
oneStrain,TRUE,5,2023-2024,3/23/24,0,11.46826087,0.702399346
oneStrain,TRUE,5,2023-2024,3/23/24,1,26.98028478,1.335657101
oneStrain,TRUE,5,2023-2024,3/23/24,2,31.38125,1.234067107
oneStrain,TRUE,5,2023-2024,3/23/24,3,29.99403478,0.894752154
oneStrain,TRUE,5,2023-2024,3/30/24,0,26.54451087,1.27752102
oneStrain,TRUE,5,2023-2024,3/30/24,1,33.89353913,1.986265843
oneStrain,TRUE,5,2023-2024,3/30/24,2,33.38006087,1.533223362
oneStrain,TRUE,5,2023-2024,3/30/24,3,15.43782609,0.390153148
oneStrain,TRUE,5,2023-2024,4/6/24,0,20.33853913,1.019776082
oneStrain,TRUE,5,2023-2024,4/6/24,1,23.21913043,0.628852264
oneStrain,TRUE,5,2023-2024,4/6/24,2,9.843641304,0.152497933
oneStrain,TRUE,5,2023-2024,4/6/24,3,21.61652174,0.357711775
oneStrain,TRUE,5,2023-2024,4/13/24,0,7.129782609,0.432348519
oneStrain,TRUE,5,2023-2024,4/13/24,1,7.176582609,0.179306761
oneStrain,TRUE,5,2023-2024,4/13/24,2,8.190163043,0.20998503
oneStrain,TRUE,5,2023-2024,4/13/24,3,11.93391304,0.262915908
oneStrain,TRUE,6,2023-2024,12/9/23,0,43.76636522,0.447261415
oneStrain,TRUE,6,2023-2024,12/9/23,1,80.77951739,0.355347363
oneStrain,TRUE,6,2023-2024,12/9/23,2,206.4117087,0.332643492
oneStrain,TRUE,6,2023-2024,12/9/23,3,308.800363,0.296760824
oneStrain,TRUE,6,2023-2024,12/16/23,0,32.59793478,0.291877644
oneStrain,TRUE,6,2023-2024,12/16/23,1,111.4732043,0.249289261
oneStrain,TRUE,6,2023-2024,12/16/23,2,206.5605652,0.25827243
oneStrain,TRUE,6,2023-2024,12/16/23,3,123.624913,0.397840199
oneStrain,TRUE,6,2023-2024,12/23/23,0,80.49409565,0.268235714
oneStrain,TRUE,6,2023-2024,12/23/23,1,165.401613,0.250203638
oneStrain,TRUE,6,2023-2024,12/23/23,2,138.7582391,0.651446852
oneStrain,TRUE,6,2023-2024,12/23/23,3,111.4860978,0.78044888
oneStrain,TRUE,6,2023-2024,12/30/23,0,132.7535935,0.50960311
oneStrain,TRUE,6,2023-2024,12/30/23,1,87.07696087,0.440650433
oneStrain,TRUE,6,2023-2024,12/30/23,2,97.47267391,0.271500129
oneStrain,TRUE,6,2023-2024,12/30/23,3,107.5016326,0.207794224
oneStrain,TRUE,6,2023-2024,1/6/24,0,48.93123478,0.128909832
oneStrain,TRUE,6,2023-2024,1/6/24,1,73.82408478,0.117783059
oneStrain,TRUE,6,2023-2024,1/6/24,2,48.63011087,0.062872072
oneStrain,TRUE,6,2023-2024,1/6/24,3,58.53826087,0.072665907
oneStrain,TRUE,6,2023-2024,1/13/24,0,82.89848478,0.379341985
oneStrain,TRUE,6,2023-2024,1/13/24,1,37.47783261,0.097979555
oneStrain,TRUE,6,2023-2024,1/13/24,2,53.49230217,0.122358808
oneStrain,TRUE,6,2023-2024,1/13/24,3,40.53735652,0.0783701
oneStrain,TRUE,6,2023-2024,1/20/24,0,20.43093043,0.159667957
oneStrain,TRUE,6,2023-2024,1/20/24,1,35.86045435,0.214662183
oneStrain,TRUE,6,2023-2024,1/20/24,2,38.20131739,0.164797231
oneStrain,TRUE,6,2023-2024,1/20/24,3,41.93130435,0.16386314
oneStrain,TRUE,6,2023-2024,1/27/24,0,43.59811087,0.79366872
oneStrain,TRUE,6,2023-2024,1/27/24,1,24.99739783,0.258042083
oneStrain,TRUE,6,2023-2024,1/27/24,2,30.58573913,0.25604014
oneStrain,TRUE,6,2023-2024,1/27/24,3,32.85476087,0.226478087
oneStrain,TRUE,6,2023-2024,2/3/24,0,22.88201739,0.344542777
oneStrain,TRUE,6,2023-2024,2/3/24,1,33.25987609,0.355304375
oneStrain,TRUE,6,2023-2024,2/3/24,2,36.92184783,0.302428505
oneStrain,TRUE,6,2023-2024,2/3/24,3,45.38625,0.383316729
oneStrain,TRUE,6,2023-2024,2/10/24,0,21.58567826,0.595059618
oneStrain,TRUE,6,2023-2024,2/10/24,1,22.97620652,0.361378473
oneStrain,TRUE,6,2023-2024,2/10/24,2,47.18866087,0.767892384
oneStrain,TRUE,6,2023-2024,2/10/24,3,50.13436087,0.627884099
oneStrain,TRUE,6,2023-2024,2/17/24,0,19.66554348,0.486867699
oneStrain,TRUE,6,2023-2024,2/17/24,1,40.63891304,0.901296524
oneStrain,TRUE,6,2023-2024,2/17/24,2,47.7459913,0.791689815
oneStrain,TRUE,6,2023-2024,2/17/24,3,51.97246522,0.662652754
oneStrain,TRUE,6,2023-2024,2/24/24,0,17.49258043,0.582610759
oneStrain,TRUE,6,2023-2024,2/24/24,1,21.30196304,0.625217971
oneStrain,TRUE,6,2023-2024,2/24/24,2,25.85789348,0.565200206
oneStrain,TRUE,6,2023-2024,2/24/24,3,15.92566957,0.198611302
oneStrain,TRUE,6,2023-2024,3/2/24,0,16.50978913,0.443812875
oneStrain,TRUE,6,2023-2024,3/2/24,1,14.94070435,0.268295304
oneStrain,TRUE,6,2023-2024,3/2/24,2,17.09597826,0.169878409
oneStrain,TRUE,6,2023-2024,3/2/24,3,16.20805,0.14359027
oneStrain,TRUE,6,2023-2024,3/9/24,0,12.71012174,0.417939848
oneStrain,TRUE,6,2023-2024,3/9/24,1,15.96500652,0.227712612
oneStrain,TRUE,6,2023-2024,3/9/24,2,15.14926522,0.179874527
oneStrain,TRUE,6,2023-2024,3/9/24,3,39.31018043,0.565434628
oneStrain,TRUE,6,2023-2024,3/16/24,0,27.22283261,0.633463348
oneStrain,TRUE,6,2023-2024,3/16/24,1,15.2774587,0.273363047
oneStrain,TRUE,6,2023-2024,3/16/24,2,28.91464348,0.670619433
oneStrain,TRUE,6,2023-2024,3/16/24,3,30.31211957,0.495062612
oneStrain,TRUE,6,2023-2024,3/23/24,0,10.07006087,0.616763453
oneStrain,TRUE,6,2023-2024,3/23/24,1,33.11741739,1.639475419
oneStrain,TRUE,6,2023-2024,3/23/24,2,33.98403478,1.336421573
oneStrain,TRUE,6,2023-2024,3/23/24,3,31.96322609,0.953495107
oneStrain,TRUE,6,2023-2024,3/30/24,0,28.15398043,1.35498077
oneStrain,TRUE,6,2023-2024,3/30/24,1,35.30119565,2.068758853
oneStrain,TRUE,6,2023-2024,3/30/24,2,33.66614783,1.546363997
oneStrain,TRUE,6,2023-2024,3/30/24,3,15.17152174,0.38342296
oneStrain,TRUE,6,2023-2024,4/6/24,0,18.29972826,0.917549932
oneStrain,TRUE,6,2023-2024,4/6/24,1,22.9673913,0.622034321
oneStrain,TRUE,6,2023-2024,4/6/24,2,9.244632609,0.143218075
oneStrain,TRUE,6,2023-2024,4/6/24,3,21.4644087,0.355194597
oneStrain,TRUE,6,2023-2024,4/13/24,0,7.33798913,0.444974119
oneStrain,TRUE,6,2023-2024,4/13/24,1,6.655652174,0.166291325
oneStrain,TRUE,6,2023-2024,4/13/24,2,8.52076087,0.218461125
oneStrain,TRUE,6,2023-2024,4/13/24,3,12.73472826,0.28055866
sequentialTwoStrain,TRUE,0,2023-2024,12/9/23,0,68.18880435,0.696841534
sequentialTwoStrain,TRUE,0,2023-2024,12/9/23,1,151.0405326,0.664424062
sequentialTwoStrain,TRUE,0,2023-2024,12/9/23,2,504.7229783,0.813388035
sequentialTwoStrain,TRUE,0,2023-2024,12/9/23,3,878.2470413,0.84400586
sequentialTwoStrain,TRUE,0,2023-2024,12/16/23,0,42.21501304,0.377987704
sequentialTwoStrain,TRUE,0,2023-2024,12/16/23,1,379.8736717,0.849517403
sequentialTwoStrain,TRUE,0,2023-2024,12/16/23,2,721.88305,0.902604469
sequentialTwoStrain,TRUE,0,2023-2024,12/16/23,3,214.968613,0.691795477
sequentialTwoStrain,TRUE,0,2023-2024,12/23/23,0,293.6018674,0.978388614
sequentialTwoStrain,TRUE,0,2023-2024,12/23/23,1,618.22285,0.935188016
sequentialTwoStrain,TRUE,0,2023-2024,12/23/23,2,142.371137,0.668408806
sequentialTwoStrain,TRUE,0,2023-2024,12/23/23,3,92.3646413,0.646590761
sequentialTwoStrain,TRUE,0,2023-2024,12/30/23,0,134.6662217,0.516945144
sequentialTwoStrain,TRUE,0,2023-2024,12/30/23,1,261.2005957,1.321798034
sequentialTwoStrain,TRUE,0,2023-2024,12/30/23,2,404.485113,1.126651767
sequentialTwoStrain,TRUE,0,2023-2024,12/30/23,3,410.1939891,0.792880441
sequentialTwoStrain,TRUE,0,2023-2024,1/6/24,0,315.128987,0.830210497
sequentialTwoStrain,TRUE,0,2023-2024,1/6/24,1,379.5114848,0.605493775
sequentialTwoStrain,TRUE,0,2023-2024,1/6/24,2,368.0229304,0.475803238
sequentialTwoStrain,TRUE,0,2023-2024,1/6/24,3,229.0930674,0.284382477
sequentialTwoStrain,TRUE,0,2023-2024,1/13/24,0,34.0394,0.155763686
sequentialTwoStrain,TRUE,0,2023-2024,1/13/24,1,24.86774348,0.065012576
sequentialTwoStrain,TRUE,0,2023-2024,1/13/24,2,40.01853696,0.091538788
sequentialTwoStrain,TRUE,0,2023-2024,1/13/24,3,34.79615435,0.067270743
sequentialTwoStrain,TRUE,0,2023-2024,1/20/24,0,23.57376304,0.18422923
sequentialTwoStrain,TRUE,0,2023-2024,1/20/24,1,32.51757391,0.19465156
sequentialTwoStrain,TRUE,0,2023-2024,1/20/24,2,35.99061087,0.155260432
sequentialTwoStrain,TRUE,0,2023-2024,1/20/24,3,38.5005087,0.15045595
sequentialTwoStrain,TRUE,0,2023-2024,1/27/24,0,39.89887826,0.726327151
sequentialTwoStrain,TRUE,0,2023-2024,1/27/24,1,32.28626957,0.333283341
sequentialTwoStrain,TRUE,0,2023-2024,1/27/24,2,46.75071304,0.391360792
sequentialTwoStrain,TRUE,0,2023-2024,1/27/24,3,50.26822609,0.34651452
sequentialTwoStrain,TRUE,0,2023-2024,2/3/24,0,16.10022391,0.24242687
sequentialTwoStrain,TRUE,0,2023-2024,2/3/24,1,26.34212609,0.281404315
sequentialTwoStrain,TRUE,0,2023-2024,2/3/24,2,35.86055652,0.293735421
sequentialTwoStrain,TRUE,0,2023-2024,2/3/24,3,86.25136522,0.728449502
sequentialTwoStrain,TRUE,0,2023-2024,2/10/24,0,15.9672413,0.440174286
sequentialTwoStrain,TRUE,0,2023-2024,2/10/24,1,19.75190217,0.310665393
sequentialTwoStrain,TRUE,0,2023-2024,2/10/24,2,64.70038043,1.05285737
sequentialTwoStrain,TRUE,0,2023-2024,2/10/24,3,61.07518913,0.764907329
sequentialTwoStrain,TRUE,0,2023-2024,2/17/24,0,12.16034565,0.301058525
sequentialTwoStrain,TRUE,0,2023-2024,2/17/24,1,62.00371522,1.375128634
sequentialTwoStrain,TRUE,0,2023-2024,2/17/24,2,60.34266957,1.000558908
sequentialTwoStrain,TRUE,0,2023-2024,2/17/24,3,66.57663043,0.848856935
sequentialTwoStrain,TRUE,0,2023-2024,2/24/24,0,39.99088261,1.331942908
sequentialTwoStrain,TRUE,0,2023-2024,2/24/24,1,36.52718043,1.07208193
sequentialTwoStrain,TRUE,0,2023-2024,2/24/24,2,44.42353043,0.971006728
sequentialTwoStrain,TRUE,0,2023-2024,2/24/24,3,20.58652826,0.256737537
sequentialTwoStrain,TRUE,0,2023-2024,3/2/24,0,14.42994565,0.387902936
sequentialTwoStrain,TRUE,0,2023-2024,3/2/24,1,15.53012174,0.278879672
sequentialTwoStrain,TRUE,0,2023-2024,3/2/24,2,16.23739783,0.161346913
sequentialTwoStrain,TRUE,0,2023-2024,3/2/24,3,14.01684783,0.124177983
sequentialTwoStrain,TRUE,0,2023-2024,3/9/24,0,12.6836,0.417067749
sequentialTwoStrain,TRUE,0,2023-2024,3/9/24,1,15.69748478,0.223896887
sequentialTwoStrain,TRUE,0,2023-2024,3/9/24,2,13.37109348,0.158761437
sequentialTwoStrain,TRUE,0,2023-2024,3/9/24,3,30.93506087,0.444967549
sequentialTwoStrain,TRUE,0,2023-2024,3/16/24,0,15.2480087,0.354814459
sequentialTwoStrain,TRUE,0,2023-2024,3/16/24,1,10.24664348,0.183345525
sequentialTwoStrain,TRUE,0,2023-2024,3/16/24,2,34.76348478,0.806272036
sequentialTwoStrain,TRUE,0,2023-2024,3/16/24,3,30.88266957,0.50438093
sequentialTwoStrain,TRUE,0,2023-2024,3/23/24,0,7.888321739,0.483137949
sequentialTwoStrain,TRUE,0,2023-2024,3/23/24,1,46.13065217,2.283694692
sequentialTwoStrain,TRUE,0,2023-2024,3/23/24,2,42.7318,1.680427288
sequentialTwoStrain,TRUE,0,2023-2024,3/23/24,3,32.59707826,0.972403553
sequentialTwoStrain,TRUE,0,2023-2024,3/30/24,0,43.82832174,2.109347674
sequentialTwoStrain,TRUE,0,2023-2024,3/30/24,1,44.69239783,2.619112241
sequentialTwoStrain,TRUE,0,2023-2024,3/30/24,2,33.9909913,1.561284809
sequentialTwoStrain,TRUE,0,2023-2024,3/30/24,3,14.02304348,0.354397992
sequentialTwoStrain,TRUE,0,2023-2024,4/6/24,0,23.37136522,1.171842241
sequentialTwoStrain,TRUE,0,2023-2024,4/6/24,1,18.4141913,0.498718327
sequentialTwoStrain,TRUE,0,2023-2024,4/6/24,2,7.59125,0.117603831
sequentialTwoStrain,TRUE,0,2023-2024,4/6/24,3,14.98266957,0.247934307
sequentialTwoStrain,TRUE,0,2023-2024,4/13/24,0,10.02006087,0.607614386
sequentialTwoStrain,TRUE,0,2023-2024,4/13/24,1,5.839686957,0.145904452
sequentialTwoStrain,TRUE,0,2023-2024,4/13/24,2,9.57,0.245362239
sequentialTwoStrain,TRUE,0,2023-2024,4/13/24,3,12.67962609,0.279344704
sequentialTwoStrain,TRUE,1,2023-2024,12/9/23,0,50.26230217,0.513645313
sequentialTwoStrain,TRUE,1,2023-2024,12/9/23,1,107.6277978,0.473452373
sequentialTwoStrain,TRUE,1,2023-2024,12/9/23,2,340.0517522,0.54801156
sequentialTwoStrain,TRUE,1,2023-2024,12/9/23,3,597.7828304,0.574476415
sequentialTwoStrain,TRUE,1,2023-2024,12/16/23,0,37.44763478,0.335301223
sequentialTwoStrain,TRUE,1,2023-2024,12/16/23,1,221.8369087,0.496097331
sequentialTwoStrain,TRUE,1,2023-2024,12/16/23,2,451.6265413,0.564689993
sequentialTwoStrain,TRUE,1,2023-2024,12/16/23,3,162.7203261,0.523654054
sequentialTwoStrain,TRUE,1,2023-2024,12/23/23,0,171.788613,0.572462377
sequentialTwoStrain,TRUE,1,2023-2024,12/23/23,1,354.4897478,0.536237967
sequentialTwoStrain,TRUE,1,2023-2024,12/23/23,2,130.0790326,0.610699421
sequentialTwoStrain,TRUE,1,2023-2024,12/23/23,3,105.2135239,0.736538264
sequentialTwoStrain,TRUE,1,2023-2024,12/30/23,0,97.75696957,0.375261072
sequentialTwoStrain,TRUE,1,2023-2024,12/30/23,1,125.8760043,0.636991867
sequentialTwoStrain,TRUE,1,2023-2024,12/30/23,2,140.3487348,0.390926996
sequentialTwoStrain,TRUE,1,2023-2024,12/30/23,3,150.9684217,0.291812927
sequentialTwoStrain,TRUE,1,2023-2024,1/6/24,0,131.7205087,0.34701901
sequentialTwoStrain,TRUE,1,2023-2024,1/6/24,1,118.4349783,0.188957765
sequentialTwoStrain,TRUE,1,2023-2024,1/6/24,2,107.9568609,0.139573433
sequentialTwoStrain,TRUE,1,2023-2024,1/6/24,3,71.4115413,0.08864603
sequentialTwoStrain,TRUE,1,2023-2024,1/13/24,0,53.79751957,0.246176488
sequentialTwoStrain,TRUE,1,2023-2024,1/13/24,1,28.3744087,0.074180169
sequentialTwoStrain,TRUE,1,2023-2024,1/13/24,2,46.45311087,0.106257294
sequentialTwoStrain,TRUE,1,2023-2024,1/13/24,3,42.22236304,0.081627691
sequentialTwoStrain,TRUE,1,2023-2024,1/20/24,0,22.07180652,0.172491423
sequentialTwoStrain,TRUE,1,2023-2024,1/20/24,1,35.52593043,0.212659709
sequentialTwoStrain,TRUE,1,2023-2024,1/20/24,2,36.55926957,0.157713577
sequentialTwoStrain,TRUE,1,2023-2024,1/20/24,3,37.35261522,0.145970103
sequentialTwoStrain,TRUE,1,2023-2024,1/27/24,0,27.74587609,0.505091471
sequentialTwoStrain,TRUE,1,2023-2024,1/27/24,1,23.27170435,0.240228167
sequentialTwoStrain,TRUE,1,2023-2024,1/27/24,2,32.12167609,0.268897815
sequentialTwoStrain,TRUE,1,2023-2024,1/27/24,3,36.73382391,0.253217676
sequentialTwoStrain,TRUE,1,2023-2024,2/3/24,0,18.1572413,0.273400122
sequentialTwoStrain,TRUE,1,2023-2024,2/3/24,1,25.10122174,0.268148139
sequentialTwoStrain,TRUE,1,2023-2024,2/3/24,2,30.69555,0.251428622
sequentialTwoStrain,TRUE,1,2023-2024,2/3/24,3,85.49785217,0.722085588
sequentialTwoStrain,TRUE,1,2023-2024,2/10/24,0,18.44001304,0.508342012
sequentialTwoStrain,TRUE,1,2023-2024,2/10/24,1,20.10953043,0.316290306
sequentialTwoStrain,TRUE,1,2023-2024,2/10/24,2,73.03646739,1.188508977
sequentialTwoStrain,TRUE,1,2023-2024,2/10/24,3,74.33708478,0.930999671
sequentialTwoStrain,TRUE,1,2023-2024,2/17/24,0,13.14369565,0.325403713
sequentialTwoStrain,TRUE,1,2023-2024,2/17/24,1,68.35006739,1.51587908
sequentialTwoStrain,TRUE,1,2023-2024,2/17/24,2,67.63636522,1.121497742
sequentialTwoStrain,TRUE,1,2023-2024,2/17/24,3,68.86012174,0.877971617
sequentialTwoStrain,TRUE,1,2023-2024,2/24/24,0,43.03005435,1.433166061
sequentialTwoStrain,TRUE,1,2023-2024,2/24/24,1,39.74990435,1.166669687
sequentialTwoStrain,TRUE,1,2023-2024,2/24/24,2,46.38665,1.013916471
sequentialTwoStrain,TRUE,1,2023-2024,2/24/24,3,22.97083478,0.286472565
sequentialTwoStrain,TRUE,1,2023-2024,3/2/24,0,13.31891957,0.358036553
sequentialTwoStrain,TRUE,1,2023-2024,3/2/24,1,20.91972826,0.375662667
sequentialTwoStrain,TRUE,1,2023-2024,3/2/24,2,15.46707826,0.153692442
sequentialTwoStrain,TRUE,1,2023-2024,3/2/24,3,16.00565217,0.141797188
sequentialTwoStrain,TRUE,1,2023-2024,3/9/24,0,12.91317174,0.424616628
sequentialTwoStrain,TRUE,1,2023-2024,3/9/24,1,15.5024587,0.221115185
sequentialTwoStrain,TRUE,1,2023-2024,3/9/24,2,12.38670435,0.14707331
sequentialTwoStrain,TRUE,1,2023-2024,3/9/24,3,47.9778587,0.690109849
sequentialTwoStrain,TRUE,1,2023-2024,3/16/24,0,15.55527826,0.361964487
sequentialTwoStrain,TRUE,1,2023-2024,3/16/24,1,9.1468,0.163665775
sequentialTwoStrain,TRUE,1,2023-2024,3/16/24,2,48.89674565,1.134065785
sequentialTwoStrain,TRUE,1,2023-2024,3/16/24,3,48.56111304,0.793108229
sequentialTwoStrain,TRUE,1,2023-2024,3/23/24,0,10.52798913,0.644810296
sequentialTwoStrain,TRUE,1,2023-2024,3/23/24,1,56.99130435,2.821350514
sequentialTwoStrain,TRUE,1,2023-2024,3/23/24,2,56.73881739,2.231253002
sequentialTwoStrain,TRUE,1,2023-2024,3/23/24,3,47.12174565,1.405688956
sequentialTwoStrain,TRUE,1,2023-2024,3/30/24,0,49.69891957,2.391884887
sequentialTwoStrain,TRUE,1,2023-2024,3/30/24,1,50.7773913,2.975711611
sequentialTwoStrain,TRUE,1,2023-2024,3/30/24,2,44.51891957,2.044856891
sequentialTwoStrain,TRUE,1,2023-2024,3/30/24,3,20.01478261,0.505824486
sequentialTwoStrain,TRUE,1,2023-2024,4/6/24,0,27.56456522,1.382089645
sequentialTwoStrain,TRUE,1,2023-2024,4/6/24,1,26.87407609,0.727840504
sequentialTwoStrain,TRUE,1,2023-2024,4/6/24,2,11.91543478,0.184594208
sequentialTwoStrain,TRUE,1,2023-2024,4/6/24,3,26.08347826,0.431631297
sequentialTwoStrain,TRUE,1,2023-2024,4/13/24,0,12.65956522,0.767673375
sequentialTwoStrain,TRUE,1,2023-2024,4/13/24,1,5.75006087,0.143665146
sequentialTwoStrain,TRUE,1,2023-2024,4/13/24,2,16.39086957,0.420240381
sequentialTwoStrain,TRUE,1,2023-2024,4/13/24,3,21.46788696,0.472958784
sequentialTwoStrain,TRUE,2,2023-2024,12/9/23,0,46.00777826,0.470167077
sequentialTwoStrain,TRUE,2,2023-2024,12/9/23,1,87.20429348,0.383609816
sequentialTwoStrain,TRUE,2,2023-2024,12/9/23,2,257.3107935,0.414670086
sequentialTwoStrain,TRUE,2,2023-2024,12/9/23,3,418.9952196,0.402659393
sequentialTwoStrain,TRUE,2,2023-2024,12/16/23,0,34.97044783,0.313120815
sequentialTwoStrain,TRUE,2,2023-2024,12/16/23,1,161.6046326,0.361398954
sequentialTwoStrain,TRUE,2,2023-2024,12/16/23,2,296.7767239,0.371073953
sequentialTwoStrain,TRUE,2,2023-2024,12/16/23,3,121.1404804,0.389844989
sequentialTwoStrain,TRUE,2,2023-2024,12/23/23,0,116.3740413,0.387800793
sequentialTwoStrain,TRUE,2,2023-2024,12/23/23,1,214.2950674,0.32416495
sequentialTwoStrain,TRUE,2,2023-2024,12/23/23,2,131.124587,0.615608125
sequentialTwoStrain,TRUE,2,2023-2024,12/23/23,3,168.3859717,1.178771575
sequentialTwoStrain,TRUE,2,2023-2024,12/30/23,0,76.42405435,0.293370106
sequentialTwoStrain,TRUE,2,2023-2024,12/30/23,1,196.7287022,0.995539888
sequentialTwoStrain,TRUE,2,2023-2024,12/30/23,2,224.442287,0.625160954
sequentialTwoStrain,TRUE,2,2023-2024,12/30/23,3,229.1919457,0.443014319
sequentialTwoStrain,TRUE,2,2023-2024,1/6/24,0,173.348987,0.456689656
sequentialTwoStrain,TRUE,2,2023-2024,1/6/24,1,162.7166217,0.259607167
sequentialTwoStrain,TRUE,2,2023-2024,1/6/24,2,159.0336239,0.205608692
sequentialTwoStrain,TRUE,2,2023-2024,1/6/24,3,101.4569891,0.125942658
sequentialTwoStrain,TRUE,2,2023-2024,1/13/24,0,44.6536,0.204334076
sequentialTwoStrain,TRUE,2,2023-2024,1/13/24,1,26.8148087,0.070102854
sequentialTwoStrain,TRUE,2,2023-2024,1/13/24,2,48.76228043,0.111539311
sequentialTwoStrain,TRUE,2,2023-2024,1/13/24,3,40.75762826,0.078795947
sequentialTwoStrain,TRUE,2,2023-2024,1/20/24,0,22.19342391,0.173441864
sequentialTwoStrain,TRUE,2,2023-2024,1/20/24,1,41.00800217,0.24547562
sequentialTwoStrain,TRUE,2,2023-2024,1/20/24,2,41.8045913,0.180341448
sequentialTwoStrain,TRUE,2,2023-2024,1/20/24,3,42.15959783,0.164755287
sequentialTwoStrain,TRUE,2,2023-2024,1/27/24,0,31.53006087,0.573979527
sequentialTwoStrain,TRUE,2,2023-2024,1/27/24,1,23.45533913,0.242123785
sequentialTwoStrain,TRUE,2,2023-2024,1/27/24,2,28.21469348,0.23619158
sequentialTwoStrain,TRUE,2,2023-2024,1/27/24,3,28.55420435,0.196833013
sequentialTwoStrain,TRUE,2,2023-2024,2/3/24,0,19.39891957,0.292096519
sequentialTwoStrain,TRUE,2,2023-2024,2/3/24,1,27.18614783,0.290420723
sequentialTwoStrain,TRUE,2,2023-2024,2/3/24,2,31.66936087,0.25940515
sequentialTwoStrain,TRUE,2,2023-2024,2/3/24,3,59.17876304,0.499803572
sequentialTwoStrain,TRUE,2,2023-2024,2/10/24,0,17.07109348,0.470604549
sequentialTwoStrain,TRUE,2,2023-2024,2/10/24,1,20.24910217,0.318485543
sequentialTwoStrain,TRUE,2,2023-2024,2/10/24,2,58.43684783,0.950932058
sequentialTwoStrain,TRUE,2,2023-2024,2/10/24,3,58.31811957,0.730377715
sequentialTwoStrain,TRUE,2,2023-2024,2/17/24,0,14.12625,0.349729203
sequentialTwoStrain,TRUE,2,2023-2024,2/17/24,1,65.48609348,1.452361394
sequentialTwoStrain,TRUE,2,2023-2024,2/17/24,2,68.50984348,1.135981133
sequentialTwoStrain,TRUE,2,2023-2024,2/17/24,3,66.92783261,0.853334789
sequentialTwoStrain,TRUE,2,2023-2024,2/24/24,0,41.4844087,1.381686533
sequentialTwoStrain,TRUE,2,2023-2024,2/24/24,1,39.03462609,1.14567609
sequentialTwoStrain,TRUE,2,2023-2024,2/24/24,2,45.25342391,0.989146487
sequentialTwoStrain,TRUE,2,2023-2024,2/24/24,3,20.31089565,0.253300084
sequentialTwoStrain,TRUE,2,2023-2024,3/2/24,0,14.02152174,0.376923765
sequentialTwoStrain,TRUE,2,2023-2024,3/2/24,1,19.92478261,0.35779609
sequentialTwoStrain,TRUE,2,2023-2024,3/2/24,2,18.00445652,0.178905728
sequentialTwoStrain,TRUE,2,2023-2024,3/2/24,3,15.61783261,0.138361419
sequentialTwoStrain,TRUE,2,2023-2024,3/9/24,0,14.27913043,0.469532687
sequentialTwoStrain,TRUE,2,2023-2024,3/9/24,1,15.60701739,0.22260653
sequentialTwoStrain,TRUE,2,2023-2024,3/9/24,2,12.755,0.151446262
sequentialTwoStrain,TRUE,2,2023-2024,3/9/24,3,48.61985,0.699344203
sequentialTwoStrain,TRUE,2,2023-2024,3/16/24,0,17.1744087,0.39964094
sequentialTwoStrain,TRUE,2,2023-2024,3/16/24,1,10.32288696,0.184709767
sequentialTwoStrain,TRUE,2,2023-2024,3/16/24,2,45.21121522,1.048587009
sequentialTwoStrain,TRUE,2,2023-2024,3/16/24,3,45.39425217,0.741386527
sequentialTwoStrain,TRUE,2,2023-2024,3/23/24,0,10.44093043,0.639478191
sequentialTwoStrain,TRUE,2,2023-2024,3/23/24,1,59.28190217,2.934746399
sequentialTwoStrain,TRUE,2,2023-2024,3/23/24,2,59.06674565,2.32279874
sequentialTwoStrain,TRUE,2,2023-2024,3/23/24,3,50.05805,1.493281861
sequentialTwoStrain,TRUE,2,2023-2024,3/30/24,0,54.30609348,2.613616663
sequentialTwoStrain,TRUE,2,2023-2024,3/30/24,1,52.54353913,3.079213317
sequentialTwoStrain,TRUE,2,2023-2024,3/30/24,2,44.71788696,2.053995924
sequentialTwoStrain,TRUE,2,2023-2024,3/30/24,3,21.23103261,0.536562218
sequentialTwoStrain,TRUE,2,2023-2024,4/6/24,0,32.9436413,1.651796978
sequentialTwoStrain,TRUE,2,2023-2024,4/6/24,1,30.2468,0.819185228
sequentialTwoStrain,TRUE,2,2023-2024,4/6/24,2,13.95462609,0.21618541
sequentialTwoStrain,TRUE,2,2023-2024,4/6/24,3,27.14565217,0.449208228
sequentialTwoStrain,TRUE,2,2023-2024,4/13/24,0,16.2,0.982364596
sequentialTwoStrain,TRUE,2,2023-2024,4/13/24,1,7.396093478,0.184791235
sequentialTwoStrain,TRUE,2,2023-2024,4/13/24,2,18.20173913,0.4666687
sequentialTwoStrain,TRUE,2,2023-2024,4/13/24,3,22.44451087,0.494474775
sequentialTwoStrain,TRUE,3,2023-2024,12/9/23,0,30.69854565,0.313717506
sequentialTwoStrain,TRUE,3,2023-2024,12/9/23,1,57.71343261,0.253880151
sequentialTwoStrain,TRUE,3,2023-2024,12/9/23,2,169.7400935,0.273545226
sequentialTwoStrain,TRUE,3,2023-2024,12/9/23,3,291.9768522,0.28059323
sequentialTwoStrain,TRUE,3,2023-2024,12/16/23,0,27.7454,0.248428682
sequentialTwoStrain,TRUE,3,2023-2024,12/16/23,1,128.2333196,0.286770168
sequentialTwoStrain,TRUE,3,2023-2024,12/16/23,2,250.4940152,0.313204497
sequentialTwoStrain,TRUE,3,2023-2024,12/16/23,3,127.3725717,0.409900626
sequentialTwoStrain,TRUE,3,2023-2024,12/23/23,0,90.7213087,0.302316522
sequentialTwoStrain,TRUE,3,2023-2024,12/23/23,1,183.2177739,0.277154212
sequentialTwoStrain,TRUE,3,2023-2024,12/23/23,2,148.5790065,0.697553721
sequentialTwoStrain,TRUE,3,2023-2024,12/23/23,3,188.4592783,1.319293038
sequentialTwoStrain,TRUE,3,2023-2024,12/30/23,0,84.27391739,0.323503487
sequentialTwoStrain,TRUE,3,2023-2024,12/30/23,1,179.2281696,0.90697895
sequentialTwoStrain,TRUE,3,2023-2024,12/30/23,2,210.8652543,0.587343523
sequentialTwoStrain,TRUE,3,2023-2024,12/30/23,3,223.6333065,0.432269802
sequentialTwoStrain,TRUE,3,2023-2024,1/6/24,0,154.7785848,0.407765744
sequentialTwoStrain,TRUE,3,2023-2024,1/6/24,1,144.6246217,0.230742182
sequentialTwoStrain,TRUE,3,2023-2024,1/6/24,2,159.4208609,0.206109336
sequentialTwoStrain,TRUE,3,2023-2024,1/6/24,3,101.6822457,0.126222278
sequentialTwoStrain,TRUE,3,2023-2024,1/13/24,0,47.26277174,0.216273599
sequentialTwoStrain,TRUE,3,2023-2024,1/13/24,1,24.63891957,0.064414354
sequentialTwoStrain,TRUE,3,2023-2024,1/13/24,2,36.52900652,0.083556802
sequentialTwoStrain,TRUE,3,2023-2024,1/13/24,3,34.25363696,0.066221904
sequentialTwoStrain,TRUE,3,2023-2024,1/20/24,0,20.25016304,0.158255258
sequentialTwoStrain,TRUE,3,2023-2024,1/20/24,1,33.05550217,0.197871621
sequentialTwoStrain,TRUE,3,2023-2024,1/20/24,2,38.99891957,0.168238019
sequentialTwoStrain,TRUE,3,2023-2024,1/20/24,3,43.82657609,0.171269663
sequentialTwoStrain,TRUE,3,2023-2024,1/27/24,0,34.01436739,0.61920434
sequentialTwoStrain,TRUE,3,2023-2024,1/27/24,1,21.5642587,0.222602619
sequentialTwoStrain,TRUE,3,2023-2024,1/27/24,2,26.05363913,0.218100905
sequentialTwoStrain,TRUE,3,2023-2024,1/27/24,3,26.89686739,0.185408474
sequentialTwoStrain,TRUE,3,2023-2024,2/3/24,0,19.3224587,0.29094522
sequentialTwoStrain,TRUE,3,2023-2024,2/3/24,1,26.80485,0.286347443
sequentialTwoStrain,TRUE,3,2023-2024,2/3/24,2,28.82739783,0.236126504
sequentialTwoStrain,TRUE,3,2023-2024,2/3/24,3,44.33820652,0.374465313
sequentialTwoStrain,TRUE,3,2023-2024,2/10/24,0,19.21283261,0.529646588
sequentialTwoStrain,TRUE,3,2023-2024,2/10/24,1,21.03152826,0.330791837
sequentialTwoStrain,TRUE,3,2023-2024,2/10/24,2,50.6676087,0.824504661
sequentialTwoStrain,TRUE,3,2023-2024,2/10/24,3,55.59413043,0.696262401
sequentialTwoStrain,TRUE,3,2023-2024,2/17/24,0,12.89550217,0.319259088
sequentialTwoStrain,TRUE,3,2023-2024,2/17/24,1,62.39956522,1.383907861
sequentialTwoStrain,TRUE,3,2023-2024,2/17/24,2,61.06549565,1.012544292
sequentialTwoStrain,TRUE,3,2023-2024,2/17/24,3,65.17376957,0.830970356
sequentialTwoStrain,TRUE,3,2023-2024,2/24/24,0,47.64059783,1.58672558
sequentialTwoStrain,TRUE,3,2023-2024,2/24/24,1,47.4641913,1.393085949
sequentialTwoStrain,TRUE,3,2023-2024,2/24/24,2,52.4525,1.146503438
sequentialTwoStrain,TRUE,3,2023-2024,2/24/24,3,23.58219348,0.294096907
sequentialTwoStrain,TRUE,3,2023-2024,3/2/24,0,14.83451087,0.398778378
sequentialTwoStrain,TRUE,3,2023-2024,3/2/24,1,20.68810435,0.371503318
sequentialTwoStrain,TRUE,3,2023-2024,3/2/24,2,15.90217391,0.158015878
sequentialTwoStrain,TRUE,3,2023-2024,3/2/24,3,15.38456522,0.136294858
sequentialTwoStrain,TRUE,3,2023-2024,3/9/24,0,16.59468696,0.545673841
sequentialTwoStrain,TRUE,3,2023-2024,3/9/24,1,15.35523043,0.219015234
sequentialTwoStrain,TRUE,3,2023-2024,3/9/24,2,13.1554413,0.156200894
sequentialTwoStrain,TRUE,3,2023-2024,3/9/24,3,42.60518913,0.612829781
sequentialTwoStrain,TRUE,3,2023-2024,3/16/24,0,14.56082174,0.338823921
sequentialTwoStrain,TRUE,3,2023-2024,3/16/24,1,10.22217391,0.182907686
sequentialTwoStrain,TRUE,3,2023-2024,3/16/24,2,39.04293478,0.905525632
sequentialTwoStrain,TRUE,3,2023-2024,3/16/24,3,41.85229565,0.6835387
sequentialTwoStrain,TRUE,3,2023-2024,3/23/24,0,9.19165,0.56296321
sequentialTwoStrain,TRUE,3,2023-2024,3/23/24,1,44.4376087,2.199880694
sequentialTwoStrain,TRUE,3,2023-2024,3/23/24,2,48.07086957,1.890386105
sequentialTwoStrain,TRUE,3,2023-2024,3/23/24,3,42.76,1.275573706
sequentialTwoStrain,TRUE,3,2023-2024,3/30/24,0,48.48266957,2.333349812
sequentialTwoStrain,TRUE,3,2023-2024,3/30/24,1,53.47086957,3.133557738
sequentialTwoStrain,TRUE,3,2023-2024,3/30/24,2,44.70550217,2.053427062
sequentialTwoStrain,TRUE,3,2023-2024,3/30/24,3,22.14217391,0.559589078
sequentialTwoStrain,TRUE,3,2023-2024,4/6/24,0,31.49,1.578911279
sequentialTwoStrain,TRUE,3,2023-2024,4/6/24,1,29.98043478,0.811971161
sequentialTwoStrain,TRUE,3,2023-2024,4/6/24,2,12.65956522,0.196122295
sequentialTwoStrain,TRUE,3,2023-2024,4/6/24,3,26.35804348,0.436174822
sequentialTwoStrain,TRUE,3,2023-2024,4/13/24,0,18.0806587,1.096407344
sequentialTwoStrain,TRUE,3,2023-2024,4/13/24,1,7.328695652,0.183107302
sequentialTwoStrain,TRUE,3,2023-2024,4/13/24,2,18.63695652,0.477827103
sequentialTwoStrain,TRUE,3,2023-2024,4/13/24,3,21.95478261,0.483685577
sequentialTwoStrain,TRUE,4,2023-2024,12/9/23,0,31.66839565,0.32362869
sequentialTwoStrain,TRUE,4,2023-2024,12/9/23,1,54.78430652,0.240994989
sequentialTwoStrain,TRUE,4,2023-2024,12/9/23,2,194.3983543,0.31328333
sequentialTwoStrain,TRUE,4,2023-2024,12/9/23,3,352.7645978,0.339010977
sequentialTwoStrain,TRUE,4,2023-2024,12/16/23,0,29.64555652,0.265442435
sequentialTwoStrain,TRUE,4,2023-2024,12/16/23,1,159.0369413,0.355656786
sequentialTwoStrain,TRUE,4,2023-2024,12/16/23,2,326.3912609,0.408102408
sequentialTwoStrain,TRUE,4,2023-2024,12/16/23,3,109.9210935,0.353739619
sequentialTwoStrain,TRUE,4,2023-2024,12/23/23,0,153.2897891,0.510817542
sequentialTwoStrain,TRUE,4,2023-2024,12/23/23,1,321.0875587,0.48571035
sequentialTwoStrain,TRUE,4,2023-2024,12/23/23,2,105.850563,0.496950786
sequentialTwoStrain,TRUE,4,2023-2024,12/23/23,3,128.3353217,0.898400429
sequentialTwoStrain,TRUE,4,2023-2024,12/30/23,0,110.72205,0.425030311
sequentialTwoStrain,TRUE,4,2023-2024,12/30/23,1,183.0132674,0.926133328
sequentialTwoStrain,TRUE,4,2023-2024,12/30/23,2,235.8891283,0.657044956
sequentialTwoStrain,TRUE,4,2023-2024,12/30/23,3,241.2302565,0.466283654
sequentialTwoStrain,TRUE,4,2023-2024,1/6/24,0,171.6015891,0.452086119
sequentialTwoStrain,TRUE,4,2023-2024,1/6/24,1,186.2290739,0.297120244
sequentialTwoStrain,TRUE,4,2023-2024,1/6/24,2,182.9977435,0.236591016
sequentialTwoStrain,TRUE,4,2023-2024,1/6/24,3,116.6119065,0.144755069
sequentialTwoStrain,TRUE,4,2023-2024,1/13/24,0,47.64558043,0.218025325
sequentialTwoStrain,TRUE,4,2023-2024,1/13/24,1,25.7516913,0.067323511
sequentialTwoStrain,TRUE,4,2023-2024,1/13/24,2,39.32057609,0.089942265
sequentialTwoStrain,TRUE,4,2023-2024,1/13/24,3,38.12807609,0.073712284
sequentialTwoStrain,TRUE,4,2023-2024,1/20/24,0,20.71713913,0.161904681
sequentialTwoStrain,TRUE,4,2023-2024,1/20/24,1,35.79794783,0.214288016
sequentialTwoStrain,TRUE,4,2023-2024,1/20/24,2,37.95479565,0.163733758
sequentialTwoStrain,TRUE,4,2023-2024,1/20/24,3,38.02137826,0.148583559
sequentialTwoStrain,TRUE,4,2023-2024,1/27/24,0,34.88353913,0.635026916
sequentialTwoStrain,TRUE,4,2023-2024,1/27/24,1,24.81316522,0.256140295
sequentialTwoStrain,TRUE,4,2023-2024,1/27/24,2,27.30522391,0.228578205
sequentialTwoStrain,TRUE,4,2023-2024,1/27/24,3,29.58381739,0.203930456
sequentialTwoStrain,TRUE,4,2023-2024,2/3/24,0,20.73723478,0.312248013
sequentialTwoStrain,TRUE,4,2023-2024,2/3/24,1,27.43629565,0.29309297
sequentialTwoStrain,TRUE,4,2023-2024,2/3/24,2,33.56156087,0.274904245
sequentialTwoStrain,TRUE,4,2023-2024,2/3/24,3,39.83484783,0.336431487
sequentialTwoStrain,TRUE,4,2023-2024,2/10/24,0,18.84126957,0.519403585
sequentialTwoStrain,TRUE,4,2023-2024,2/10/24,1,19.40251957,0.305170171
sequentialTwoStrain,TRUE,4,2023-2024,2/10/24,2,48.38251957,0.787319827
sequentialTwoStrain,TRUE,4,2023-2024,2/10/24,3,52.26086739,0.654516524
sequentialTwoStrain,TRUE,4,2023-2024,2/17/24,0,13.01136522,0.322127556
sequentialTwoStrain,TRUE,4,2023-2024,2/17/24,1,62.49283261,1.38597636
sequentialTwoStrain,TRUE,4,2023-2024,2/17/24,2,64.14397391,1.063589412
sequentialTwoStrain,TRUE,4,2023-2024,2/17/24,3,66.59609348,0.84910509
sequentialTwoStrain,TRUE,4,2023-2024,2/24/24,0,48.95353913,1.630454619
sequentialTwoStrain,TRUE,4,2023-2024,2/24/24,1,48.61608696,1.426894376
sequentialTwoStrain,TRUE,4,2023-2024,2/24/24,2,53.1769087,1.162337518
sequentialTwoStrain,TRUE,4,2023-2024,2/24/24,3,24.6826087,0.307820342
sequentialTwoStrain,TRUE,4,2023-2024,3/2/24,0,13.9409913,0.374758962
sequentialTwoStrain,TRUE,4,2023-2024,3/2/24,1,20.05658261,0.360162868
sequentialTwoStrain,TRUE,4,2023-2024,3/2/24,2,13.75353913,0.136665438
sequentialTwoStrain,TRUE,4,2023-2024,3/2/24,3,12.85701739,0.11390282
sequentialTwoStrain,TRUE,4,2023-2024,3/9/24,0,15.0318,0.494282301
sequentialTwoStrain,TRUE,4,2023-2024,3/9/24,1,12.87125,0.183585641
sequentialTwoStrain,TRUE,4,2023-2024,3/9/24,2,11.26235652,0.133723386
sequentialTwoStrain,TRUE,4,2023-2024,3/9/24,3,45.88059783,0.659943009
sequentialTwoStrain,TRUE,4,2023-2024,3/16/24,0,13.22289348,0.307690918
sequentialTwoStrain,TRUE,4,2023-2024,3/16/24,1,10.49087609,0.187715635
sequentialTwoStrain,TRUE,4,2023-2024,3/16/24,2,44.42125,1.030265288
sequentialTwoStrain,TRUE,4,2023-2024,3/16/24,3,46.16630435,0.753995812
sequentialTwoStrain,TRUE,4,2023-2024,3/23/24,0,9.545991304,0.584665637
sequentialTwoStrain,TRUE,4,2023-2024,3/23/24,1,51.81168478,2.564933812
sequentialTwoStrain,TRUE,4,2023-2024,3/23/24,2,54.21550217,2.132023675
sequentialTwoStrain,TRUE,4,2023-2024,3/23/24,3,49.88347826,1.488074211
sequentialTwoStrain,TRUE,4,2023-2024,3/30/24,0,49.57521739,2.385931411
sequentialTwoStrain,TRUE,4,2023-2024,3/30/24,1,54.33,3.183905429
sequentialTwoStrain,TRUE,4,2023-2024,3/30/24,2,49.69630435,2.282666143
sequentialTwoStrain,TRUE,4,2023-2024,3/30/24,3,23.48086957,0.593421323
sequentialTwoStrain,TRUE,4,2023-2024,4/6/24,0,33.70463261,1.689953147
sequentialTwoStrain,TRUE,4,2023-2024,4/6/24,1,36.12608696,0.978416123
sequentialTwoStrain,TRUE,4,2023-2024,4/6/24,2,17.2223913,0.266809709
sequentialTwoStrain,TRUE,4,2023-2024,4/6/24,3,31.57527826,0.522510003
sequentialTwoStrain,TRUE,4,2023-2024,4/13/24,0,20.48766957,1.242367978
sequentialTwoStrain,TRUE,4,2023-2024,4/13/24,1,7.757391304,0.193818253
sequentialTwoStrain,TRUE,4,2023-2024,4/13/24,2,21.50614783,0.551389402
sequentialTwoStrain,TRUE,4,2023-2024,4/13/24,3,26.18391304,0.576857503
sequentialTwoStrain,TRUE,5,2023-2024,12/9/23,0,31.74968696,0.32445943
sequentialTwoStrain,TRUE,5,2023-2024,12/9/23,1,63.48137826,0.279253221
sequentialTwoStrain,TRUE,5,2023-2024,12/9/23,2,265.0963913,0.427216993
sequentialTwoStrain,TRUE,5,2023-2024,12/9/23,3,528.1884348,0.507595372
sequentialTwoStrain,TRUE,5,2023-2024,12/16/23,0,33.90743043,0.303602696
sequentialTwoStrain,TRUE,5,2023-2024,12/16/23,1,218.1383826,0.487826259
sequentialTwoStrain,TRUE,5,2023-2024,12/16/23,2,451.3551565,0.564350668
sequentialTwoStrain,TRUE,5,2023-2024,12/16/23,3,142.3538109,0.458112099
sequentialTwoStrain,TRUE,5,2023-2024,12/23/23,0,162.8504957,0.542677307
sequentialTwoStrain,TRUE,5,2023-2024,12/23/23,1,374.3910391,0.566342725
sequentialTwoStrain,TRUE,5,2023-2024,12/23/23,2,105.1464935,0.493645297
sequentialTwoStrain,TRUE,5,2023-2024,12/23/23,3,88.94836739,0.622675428
sequentialTwoStrain,TRUE,5,2023-2024,12/30/23,0,118.2793739,0.454040718
sequentialTwoStrain,TRUE,5,2023-2024,12/30/23,1,129.2842587,0.654239239
sequentialTwoStrain,TRUE,5,2023-2024,12/30/23,2,169.0530848,0.470880016
sequentialTwoStrain,TRUE,5,2023-2024,12/30/23,3,178.3899935,0.344817185
sequentialTwoStrain,TRUE,5,2023-2024,1/6/24,0,159.2931848,0.419659503
sequentialTwoStrain,TRUE,5,2023-2024,1/6/24,1,152.4404848,0.243212046
sequentialTwoStrain,TRUE,5,2023-2024,1/6/24,2,156.0249783,0.201718925
sequentialTwoStrain,TRUE,5,2023-2024,1/6/24,3,92.95637174,0.115390498
sequentialTwoStrain,TRUE,5,2023-2024,1/13/24,0,49.5234087,0.226618233
sequentialTwoStrain,TRUE,5,2023-2024,1/13/24,1,27.56825217,0.072072607
sequentialTwoStrain,TRUE,5,2023-2024,1/13/24,2,51.56521739,0.117950776
sequentialTwoStrain,TRUE,5,2023-2024,1/13/24,3,40.29379565,0.077899228
sequentialTwoStrain,TRUE,5,2023-2024,1/20/24,0,20.0722413,0.156864797
sequentialTwoStrain,TRUE,5,2023-2024,1/20/24,1,41.4806913,0.248305157
sequentialTwoStrain,TRUE,5,2023-2024,1/20/24,2,34.64296739,0.149446812
sequentialTwoStrain,TRUE,5,2023-2024,1/20/24,3,38.05292609,0.148706844
sequentialTwoStrain,TRUE,5,2023-2024,1/27/24,0,42.30456522,0.770120757
sequentialTwoStrain,TRUE,5,2023-2024,1/27/24,1,28.09584783,0.290026632
sequentialTwoStrain,TRUE,5,2023-2024,1/27/24,2,31.41408261,0.26297439
sequentialTwoStrain,TRUE,5,2023-2024,1/27/24,3,30.58555652,0.210835756
sequentialTwoStrain,TRUE,5,2023-2024,2/3/24,0,17.14338261,0.258134087
sequentialTwoStrain,TRUE,5,2023-2024,2/3/24,1,23.53347826,0.251400449
sequentialTwoStrain,TRUE,5,2023-2024,2/3/24,2,27.82152174,0.227887328
sequentialTwoStrain,TRUE,5,2023-2024,2/3/24,3,53.08876304,0.448369517
sequentialTwoStrain,TRUE,5,2023-2024,2/10/24,0,17.26257391,0.475883154
sequentialTwoStrain,TRUE,5,2023-2024,2/10/24,1,19.23381739,0.30251676
sequentialTwoStrain,TRUE,5,2023-2024,2/10/24,2,54.64363913,0.889205872
sequentialTwoStrain,TRUE,5,2023-2024,2/10/24,3,53.95001304,0.67567143
sequentialTwoStrain,TRUE,5,2023-2024,2/17/24,0,13.01941522,0.322326853
sequentialTwoStrain,TRUE,5,2023-2024,2/17/24,1,58.42631087,1.29578837
sequentialTwoStrain,TRUE,5,2023-2024,2/17/24,2,55.36586957,0.918037176
sequentialTwoStrain,TRUE,5,2023-2024,2/17/24,3,56.70271739,0.722963818
sequentialTwoStrain,TRUE,5,2023-2024,2/24/24,0,40.45273043,1.347325288
sequentialTwoStrain,TRUE,5,2023-2024,2/24/24,1,35.47512826,1.041203934
sequentialTwoStrain,TRUE,5,2023-2024,2/24/24,2,38.59706522,0.843652218
sequentialTwoStrain,TRUE,5,2023-2024,2/24/24,3,17.61805652,0.219717302
sequentialTwoStrain,TRUE,5,2023-2024,3/2/24,0,13.53798913,0.363925537
sequentialTwoStrain,TRUE,5,2023-2024,3/2/24,1,17.74266957,0.318611145
sequentialTwoStrain,TRUE,5,2023-2024,3/2/24,2,15.50556304,0.154074856
sequentialTwoStrain,TRUE,5,2023-2024,3/2/24,3,13.64239783,0.120860658
sequentialTwoStrain,TRUE,5,2023-2024,3/9/24,0,12.78158913,0.420289871
sequentialTwoStrain,TRUE,5,2023-2024,3/9/24,1,13.75664348,0.196214215
sequentialTwoStrain,TRUE,5,2023-2024,3/9/24,2,11.65370217,0.138370022
sequentialTwoStrain,TRUE,5,2023-2024,3/9/24,3,43.28266957,0.622574608
sequentialTwoStrain,TRUE,5,2023-2024,3/16/24,0,14.21158261,0.33069728
sequentialTwoStrain,TRUE,5,2023-2024,3/16/24,1,9.727608696,0.174058318
sequentialTwoStrain,TRUE,5,2023-2024,3/16/24,2,39.48935435,0.915879473
sequentialTwoStrain,TRUE,5,2023-2024,3/16/24,3,41.52251957,0.678152742
sequentialTwoStrain,TRUE,5,2023-2024,3/23/24,0,9.244408696,0.566194534
sequentialTwoStrain,TRUE,5,2023-2024,3/23/24,1,52.69086957,2.608457793
sequentialTwoStrain,TRUE,5,2023-2024,3/23/24,2,51.89745217,2.040866399
sequentialTwoStrain,TRUE,5,2023-2024,3/23/24,3,48.3244087,1.441565601
sequentialTwoStrain,TRUE,5,2023-2024,3/30/24,0,50.71994565,2.441024323
sequentialTwoStrain,TRUE,5,2023-2024,3/30/24,1,49.77391304,2.916904693
sequentialTwoStrain,TRUE,5,2023-2024,3/30/24,2,44.11521739,2.026313917
sequentialTwoStrain,TRUE,5,2023-2024,3/30/24,3,21.52130435,0.543898124
sequentialTwoStrain,TRUE,5,2023-2024,4/6/24,0,33.02391304,1.65582181
sequentialTwoStrain,TRUE,5,2023-2024,4/6/24,1,35.97397391,0.974296389
sequentialTwoStrain,TRUE,5,2023-2024,4/6/24,2,16.65826087,0.258070186
sequentialTwoStrain,TRUE,5,2023-2024,4/6/24,3,31.46114783,0.520621364
sequentialTwoStrain,TRUE,5,2023-2024,4/13/24,0,22.4051087,1.358641084
sequentialTwoStrain,TRUE,5,2023-2024,4/13/24,1,8.968321739,0.224073324
sequentialTwoStrain,TRUE,5,2023-2024,4/13/24,2,21.15152174,0.542297254
sequentialTwoStrain,TRUE,5,2023-2024,4/13/24,3,26.75456522,0.589429535
sequentialTwoStrain,TRUE,6,2023-2024,12/9/23,0,35.15038043,0.359212121
sequentialTwoStrain,TRUE,6,2023-2024,12/9/23,1,74.65062391,0.328386493
sequentialTwoStrain,TRUE,6,2023-2024,12/9/23,2,269.7370109,0.434695599
sequentialTwoStrain,TRUE,6,2023-2024,12/9/23,3,499.5437348,0.480067475
sequentialTwoStrain,TRUE,6,2023-2024,12/16/23,0,28.86686739,0.258470154
sequentialTwoStrain,TRUE,6,2023-2024,12/16/23,1,175.788763,0.393119146
sequentialTwoStrain,TRUE,6,2023-2024,12/16/23,2,385.4994761,0.4820082
sequentialTwoStrain,TRUE,6,2023-2024,12/16/23,3,114.670013,0.369022227
sequentialTwoStrain,TRUE,6,2023-2024,12/23/23,0,154.1794459,0.513782203
sequentialTwoStrain,TRUE,6,2023-2024,12/23/23,1,335.6992337,0.507813486
sequentialTwoStrain,TRUE,6,2023-2024,12/23/23,2,104.6501341,0.491314972
sequentialTwoStrain,TRUE,6,2023-2024,12/23/23,3,79.81664247,0.55874957
sequentialTwoStrain,TRUE,6,2023-2024,12/30/23,0,104.1206217,0.399689314
sequentialTwoStrain,TRUE,6,2023-2024,12/30/23,1,105.8501152,0.535651436
sequentialTwoStrain,TRUE,6,2023-2024,12/30/23,2,109.3749239,0.304652625
sequentialTwoStrain,TRUE,6,2023-2024,12/30/23,3,121.4954391,0.234843415
sequentialTwoStrain,TRUE,6,2023-2024,1/6/24,0,101.90205,0.268461979
sequentialTwoStrain,TRUE,6,2023-2024,1/6/24,1,91.63741087,0.146203433
sequentialTwoStrain,TRUE,6,2023-2024,1/6/24,2,94.84618043,0.122623119
sequentialTwoStrain,TRUE,6,2023-2024,1/6/24,3,59.3284913,0.073646852
sequentialTwoStrain,TRUE,6,2023-2024,1/13/24,0,51.02708478,0.233499028
sequentialTwoStrain,TRUE,6,2023-2024,1/13/24,1,28.51649348,0.074551626
sequentialTwoStrain,TRUE,6,2023-2024,1/13/24,2,45.5012087,0.104079904
sequentialTwoStrain,TRUE,6,2023-2024,1/13/24,3,33.40376304,0.064578859
sequentialTwoStrain,TRUE,6,2023-2024,1/20/24,0,19.29032609,0.150754121
sequentialTwoStrain,TRUE,6,2023-2024,1/20/24,1,32.36914348,0.19376305
sequentialTwoStrain,TRUE,6,2023-2024,1/20/24,2,32.01799565,0.138122908
sequentialTwoStrain,TRUE,6,2023-2024,1/20/24,3,36.65795435,0.143255441
sequentialTwoStrain,TRUE,6,2023-2024,1/27/24,0,39.15342391,0.712756751
sequentialTwoStrain,TRUE,6,2023-2024,1/27/24,1,26.07055652,0.26912004
sequentialTwoStrain,TRUE,6,2023-2024,1/27/24,2,27.90919783,0.233634207
sequentialTwoStrain,TRUE,6,2023-2024,1/27/24,3,30.81190217,0.212396027
sequentialTwoStrain,TRUE,6,2023-2024,2/3/24,0,19.54565217,0.294305925
sequentialTwoStrain,TRUE,6,2023-2024,2/3/24,1,26.0380087,0.278155528
sequentialTwoStrain,TRUE,6,2023-2024,2/3/24,2,29.71832826,0.243424155
sequentialTwoStrain,TRUE,6,2023-2024,2/3/24,3,42.22355217,0.356605666
sequentialTwoStrain,TRUE,6,2023-2024,2/10/24,0,15.08605217,0.41588225
sequentialTwoStrain,TRUE,6,2023-2024,2/10/24,1,18.28595652,0.287608445
sequentialTwoStrain,TRUE,6,2023-2024,2/10/24,2,44.69528478,0.727318135
sequentialTwoStrain,TRUE,6,2023-2024,2/10/24,3,44.82457174,0.561384155
sequentialTwoStrain,TRUE,6,2023-2024,2/17/24,0,12.50310435,0.309544339
sequentialTwoStrain,TRUE,6,2023-2024,2/17/24,1,54.62974783,1.211587568
sequentialTwoStrain,TRUE,6,2023-2024,2/17/24,2,53.32477391,0.884193191
sequentialTwoStrain,TRUE,6,2023-2024,2/17/24,3,57.19643261,0.729258723
sequentialTwoStrain,TRUE,6,2023-2024,2/24/24,0,36.65283261,1.220765266
sequentialTwoStrain,TRUE,6,2023-2024,2/24/24,1,34.02016304,0.998500339
sequentialTwoStrain,TRUE,6,2023-2024,2/24/24,2,37.74490435,0.82502574
sequentialTwoStrain,TRUE,6,2023-2024,2/24/24,3,17.56245217,0.219023852
sequentialTwoStrain,TRUE,6,2023-2024,3/2/24,0,13.01968696,0.349992641
sequentialTwoStrain,TRUE,6,2023-2024,3/2/24,1,18.25478261,0.327807333
sequentialTwoStrain,TRUE,6,2023-2024,3/2/24,2,14.98805,0.14893246
sequentialTwoStrain,TRUE,6,2023-2024,3/2/24,3,13.63234348,0.120771585
sequentialTwoStrain,TRUE,6,2023-2024,3/9/24,0,15.15207826,0.498237344
sequentialTwoStrain,TRUE,6,2023-2024,3/9/24,1,11.76506739,0.167807901
sequentialTwoStrain,TRUE,6,2023-2024,3/9/24,2,10.9202087,0.1296609
sequentialTwoStrain,TRUE,6,2023-2024,3/9/24,3,44.54122174,0.640677526
sequentialTwoStrain,TRUE,6,2023-2024,3/16/24,0,12.14728261,0.282661926
sequentialTwoStrain,TRUE,6,2023-2024,3/16/24,1,8.875713043,0.158815155
sequentialTwoStrain,TRUE,6,2023-2024,3/16/24,2,40.26647391,0.933903264
sequentialTwoStrain,TRUE,6,2023-2024,3/16/24,3,42.42897391,0.692957106
sequentialTwoStrain,TRUE,6,2023-2024,3/23/24,0,8.428695652,0.51623436
sequentialTwoStrain,TRUE,6,2023-2024,3/23/24,1,50.11494565,2.480936861
sequentialTwoStrain,TRUE,6,2023-2024,3/23/24,2,51.40935435,2.021671961
sequentialTwoStrain,TRUE,6,2023-2024,3/23/24,3,45.65407609,1.3619069
sequentialTwoStrain,TRUE,6,2023-2024,3/30/24,0,49.03506087,2.359935026
sequentialTwoStrain,TRUE,6,2023-2024,3/30/24,1,53.00652826,3.106345906
sequentialTwoStrain,TRUE,6,2023-2024,3/30/24,2,44.53614783,2.045648225
sequentialTwoStrain,TRUE,6,2023-2024,3/30/24,3,21.0673913,0.532426586
sequentialTwoStrain,TRUE,6,2023-2024,4/6/24,0,33.27804348,1.668563931
sequentialTwoStrain,TRUE,6,2023-2024,4/6/24,1,34.38375652,0.931227946
sequentialTwoStrain,TRUE,6,2023-2024,4/6/24,2,12.86913043,0.199368885
sequentialTwoStrain,TRUE,6,2023-2024,4/6/24,3,27.72,0.458712578
sequentialTwoStrain,TRUE,6,2023-2024,4/13/24,0,20.58320652,1.248161319
sequentialTwoStrain,TRUE,6,2023-2024,4/13/24,1,7.513973913,0.187736475
sequentialTwoStrain,TRUE,6,2023-2024,4/13/24,2,21.05761522,0.539889614
sequentialTwoStrain,TRUE,6,2023-2024,4/13/24,3,25.51347826,0.562087162